dato,region,Ordinær skatt på utvinning av petroleum,Særskatt på utvinning av petroleum
2008-08,01 Østfold,0.0,0.0
2008-08,02 Akershus,0.0,0.0
2008-08,03 Oslo,0.0,0.0
2008-08,04 Hedmark,0.0,0.0
2008-08,05 Oppland,0.0,0.0
2008-08,06 Buskerud,0.0,0.0
2008-08,07 Vestfold,0.0,0.0
2008-08,08 Telemark,0.0,0.0
2008-08,09 Aust-Agder,0.0,0.0
2008-08,10 Vest-Agder,0.0,0.0
2008-08,11 Rogaland,0.0,0.0
2008-08,12 Hordaland,0.0,0.0
2008-08,14 Sogn og Fjordane,0.0,0.0
2008-08,15 Møre og Romsdal,0.0,0.0
2008-08,16 Sør-Trøndelag,0.0,0.0
2008-08,17 Nord-Trøndelag,0.0,0.0
2008-08,18 Nordland,0.0,0.0
2008-08,19 Troms - Romsa,0.0,0.0
2008-08,20 Finnmark - Finnmárku,0.0,0.0
2008-08,21 Svalbard,..,..
2008-08,23 Kontinentalsokkelen,53958.1,90207.7
2008-08,24 Kildeskatt på pensjon,0.0,0.0
2008-09,01 Østfold,0.0,0.0
2008-09,02 Akershus,0.0,0.0
2008-09,03 Oslo,0.0,0.0
2008-09,04 Hedmark,0.0,0.0
2008-09,05 Oppland,0.0,0.0
2008-09,06 Buskerud,0.0,0.0
2008-09,07 Vestfold,0.0,0.0
2008-09,08 Telemark,0.0,0.0
2008-09,09 Aust-Agder,0.0,0.0
2008-09,10 Vest-Agder,0.0,0.0
2008-09,11 Rogaland,0.0,0.0
2008-09,12 Hordaland,0.0,0.0
2008-09,14 Sogn og Fjordane,0.0,0.0
2008-09,15 Møre og Romsdal,0.0,0.0
2008-09,16 Sør-Trøndelag,0.0,0.0
2008-09,17 Nord-Trøndelag,0.0,0.0
2008-09,18 Nordland,0.0,0.0
2008-09,19 Troms - Romsa,0.0,0.0
2008-09,20 Finnmark - Finnmárku,0.0,0.0
2008-09,21 Svalbard,..,..
2008-09,23 Kontinentalsokkelen,53959.6,90210.3
2008-09,24 Kildeskatt på pensjon,0.0,0.0
2008-10,01 Østfold,0.0,0.0
2008-10,02 Akershus,0.0,0.0
2008-10,03 Oslo,0.0,0.0
2008-10,04 Hedmark,0.0,0.0
2008-10,05 Oppland,0.0,0.0
2008-10,06 Buskerud,0.0,0.0
2008-10,07 Vestfold,0.0,0.0
2008-10,08 Telemark,0.0,0.0
2008-10,09 Aust-Agder,0.0,0.0
2008-10,10 Vest-Agder,0.0,0.0
2008-10,11 Rogaland,0.0,0.0
2008-10,12 Hordaland,0.0,0.0
2008-10,14 Sogn og Fjordane,0.0,0.0
2008-10,15 Møre og Romsdal,0.0,0.0
2008-10,16 Sør-Trøndelag,0.0,0.0
2008-10,17 Nord-Trøndelag,0.0,0.0
2008-10,18 Nordland,0.0,0.0
2008-10,19 Troms - Romsa,0.0,0.0
2008-10,20 Finnmark - Finnmárku,0.0,0.0
2008-10,21 Svalbard,..,..
2008-10,23 Kontinentalsokkelen,73026.6,122635.1
2008-10,24 Kildeskatt på pensjon,0.0,0.0
2008-11,01 Østfold,0.0,0.0
2008-11,02 Akershus,0.0,0.0
2008-11,03 Oslo,0.0,0.0
2008-11,04 Hedmark,0.0,0.0
2008-11,05 Oppland,0.0,0.0
2008-11,06 Buskerud,0.0,0.0
2008-11,07 Vestfold,0.0,0.0
2008-11,08 Telemark,0.0,0.0
2008-11,09 Aust-Agder,0.0,0.0
2008-11,10 Vest-Agder,0.0,0.0
2008-11,11 Rogaland,0.0,0.0
2008-11,12 Hordaland,0.0,0.0
2008-11,14 Sogn og Fjordane,0.0,0.0
2008-11,15 Møre og Romsdal,0.0,0.0
2008-11,16 Sør-Trøndelag,0.0,0.0
2008-11,17 Nord-Trøndelag,0.0,0.0
2008-11,18 Nordland,0.0,0.0
2008-11,19 Troms - Romsa,0.0,0.0
2008-11,20 Finnmark - Finnmárku,0.0,0.0
2008-11,21 Svalbard,..,..
2008-11,23 Kontinentalsokkelen,72999.5,122588.9
2008-11,24 Kildeskatt på pensjon,0.0,0.0
2008-12,01 Østfold,0.0,0.0
2008-12,02 Akershus,0.0,0.0
2008-12,03 Oslo,0.0,0.0
2008-12,04 Hedmark,0.0,0.0
2008-12,05 Oppland,0.0,0.0
2008-12,06 Buskerud,0.0,0.0
2008-12,07 Vestfold,0.0,0.0
2008-12,08 Telemark,0.0,0.0
2008-12,09 Aust-Agder,0.0,0.0
2008-12,10 Vest-Agder,0.0,0.0
2008-12,11 Rogaland,0.0,0.0
2008-12,12 Hordaland,0.0,0.0
2008-12,14 Sogn og Fjordane,0.0,0.0
2008-12,15 Møre og Romsdal,0.0,0.0
2008-12,16 Sør-Trøndelag,0.0,0.0
2008-12,17 Nord-Trøndelag,0.0,0.0
2008-12,18 Nordland,0.0,0.0
2008-12,19 Troms - Romsa,0.0,0.0
2008-12,20 Finnmark - Finnmárku,0.0,0.0
2008-12,21 Svalbard,..,..
2008-12,23 Kontinentalsokkelen,88715.1,150693.1
2008-12,24 Kildeskatt på pensjon,0.0,0.0
2009-01,01 Østfold,0.0,0.0
2009-01,02 Akershus,0.0,0.0
2009-01,03 Oslo,0.0,0.0
2009-01,04 Hedmark,0.0,0.0
2009-01,05 Oppland,0.0,0.0
2009-01,06 Buskerud,0.0,0.0
2009-01,07 Vestfold,0.0,0.0
2009-01,08 Telemark,0.0,0.0
2009-01,09 Aust-Agder,0.0,0.0
2009-01,10 Vest-Agder,0.0,0.0
2009-01,11 Rogaland,0.0,0.0
2009-01,12 Hordaland,0.0,0.0
2009-01,14 Sogn og Fjordane,0.0,0.0
2009-01,15 Møre og Romsdal,0.0,0.0
2009-01,16 Sør-Trøndelag,0.0,0.0
2009-01,17 Nord-Trøndelag,0.0,0.0
2009-01,18 Nordland,0.0,0.0
2009-01,19 Troms - Romsa,0.0,0.0
2009-01,20 Finnmark - Finnmárku,0.0,0.0
2009-01,21 Svalbard,..,..
2009-01,23 Kontinentalsokkelen,5.9,10.0
2009-01,24 Kildeskatt på pensjon,0.0,0.0
2009-02,01 Østfold,0.0,0.0
2009-02,02 Akershus,0.0,0.0
2009-02,03 Oslo,0.0,0.0
2009-02,04 Hedmark,0.0,0.0
2009-02,05 Oppland,0.0,0.0
2009-02,06 Buskerud,0.0,0.0
2009-02,07 Vestfold,0.0,0.0
2009-02,08 Telemark,0.0,0.0
2009-02,09 Aust-Agder,0.0,0.0
2009-02,10 Vest-Agder,0.0,0.0
2009-02,11 Rogaland,0.0,0.0
2009-02,12 Hordaland,0.0,0.0
2009-02,14 Sogn og Fjordane,0.0,0.0
2009-02,15 Møre og Romsdal,0.0,0.0
2009-02,16 Sør-Trøndelag,0.0,0.0
2009-02,17 Nord-Trøndelag,0.0,0.0
2009-02,18 Nordland,0.0,0.0
2009-02,19 Troms - Romsa,0.0,0.0
2009-02,20 Finnmark - Finnmárku,0.0,0.0
2009-02,21 Svalbard,..,..
2009-02,23 Kontinentalsokkelen,13021.4,22140.6
2009-02,24 Kildeskatt på pensjon,0.0,0.0
2009-03,01 Østfold,0.0,0.0
2009-03,02 Akershus,0.0,0.0
2009-03,03 Oslo,0.0,0.0
2009-03,04 Hedmark,0.0,0.0
2009-03,05 Oppland,0.0,0.0
2009-03,06 Buskerud,0.0,0.0
2009-03,07 Vestfold,0.0,0.0
2009-03,08 Telemark,0.0,0.0
2009-03,09 Aust-Agder,0.0,0.0
2009-03,10 Vest-Agder,0.0,0.0
2009-03,11 Rogaland,0.0,0.0
2009-03,12 Hordaland,0.0,0.0
2009-03,14 Sogn og Fjordane,0.0,0.0
2009-03,15 Møre og Romsdal,0.0,0.0
2009-03,16 Sør-Trøndelag,0.0,0.0
2009-03,17 Nord-Trøndelag,0.0,0.0
2009-03,18 Nordland,0.0,0.0
2009-03,19 Troms - Romsa,0.0,0.0
2009-03,20 Finnmark - Finnmárku,0.0,0.0
2009-03,21 Svalbard,..,..
2009-03,23 Kontinentalsokkelen,13025.7,22174.8
2009-03,24 Kildeskatt på pensjon,0.0,0.0
2009-04,01 Østfold,0.0,0.0
2009-04,02 Akershus,0.0,0.0
2009-04,03 Oslo,0.0,0.0
2009-04,04 Hedmark,0.0,0.0
2009-04,05 Oppland,0.0,0.0
2009-04,06 Buskerud,0.0,0.0
2009-04,07 Vestfold,0.0,0.0
2009-04,08 Telemark,0.0,0.0
2009-04,09 Aust-Agder,0.0,0.0
2009-04,10 Vest-Agder,0.0,0.0
2009-04,11 Rogaland,0.0,0.0
2009-04,12 Hordaland,0.0,0.0
2009-04,14 Sogn og Fjordane,0.0,0.0
2009-04,15 Møre og Romsdal,0.0,0.0
2009-04,16 Sør-Trøndelag,0.0,0.0
2009-04,17 Nord-Trøndelag,0.0,0.0
2009-04,18 Nordland,0.0,0.0
2009-04,19 Troms - Romsa,0.0,0.0
2009-04,20 Finnmark - Finnmárku,0.0,0.0
2009-04,21 Svalbard,..,..
2009-04,23 Kontinentalsokkelen,25950.5,44153.6
2009-04,24 Kildeskatt på pensjon,0.0,0.0
2009-05,01 Østfold,0.0,0.0
2009-05,02 Akershus,0.0,0.0
2009-05,03 Oslo,0.0,0.0
2009-05,04 Hedmark,0.0,0.0
2009-05,05 Oppland,0.0,0.0
2009-05,06 Buskerud,0.0,0.0
2009-05,07 Vestfold,0.0,0.0
2009-05,08 Telemark,0.0,0.0
2009-05,09 Aust-Agder,0.0,0.0
2009-05,10 Vest-Agder,0.0,0.0
2009-05,11 Rogaland,0.0,0.0
2009-05,12 Hordaland,0.0,0.0
2009-05,14 Sogn og Fjordane,0.0,0.0
2009-05,15 Møre og Romsdal,0.0,0.0
2009-05,16 Sør-Trøndelag,0.0,0.0
2009-05,17 Nord-Trøndelag,0.0,0.0
2009-05,18 Nordland,0.0,0.0
2009-05,19 Troms - Romsa,0.0,0.0
2009-05,20 Finnmark - Finnmárku,0.0,0.0
2009-05,21 Svalbard,..,..
2009-05,23 Kontinentalsokkelen,25866.0,44070.5
2009-05,24 Kildeskatt på pensjon,0.0,0.0
2009-06,01 Østfold,0.0,0.0
2009-06,02 Akershus,0.0,0.0
2009-06,03 Oslo,0.0,0.0
2009-06,04 Hedmark,0.0,0.0
2009-06,05 Oppland,0.0,0.0
2009-06,06 Buskerud,0.0,0.0
2009-06,07 Vestfold,0.0,0.0
2009-06,08 Telemark,0.0,0.0
2009-06,09 Aust-Agder,0.0,0.0
2009-06,10 Vest-Agder,0.0,0.0
2009-06,11 Rogaland,0.0,0.0
2009-06,12 Hordaland,0.0,0.0
2009-06,14 Sogn og Fjordane,0.0,0.0
2009-06,15 Møre og Romsdal,0.0,0.0
2009-06,16 Sør-Trøndelag,0.0,0.0
2009-06,17 Nord-Trøndelag,0.0,0.0
2009-06,18 Nordland,0.0,0.0
2009-06,19 Troms - Romsa,0.0,0.0
2009-06,20 Finnmark - Finnmárku,0.0,0.0
2009-06,21 Svalbard,..,..
2009-06,23 Kontinentalsokkelen,37013.6,63187.9
2009-06,24 Kildeskatt på pensjon,0.0,0.0
2009-07,01 Østfold,0.0,0.0
2009-07,02 Akershus,0.0,0.0
2009-07,03 Oslo,0.0,0.0
2009-07,04 Hedmark,0.0,0.0
2009-07,05 Oppland,0.0,0.0
2009-07,06 Buskerud,0.0,0.0
2009-07,07 Vestfold,0.0,0.0
2009-07,08 Telemark,0.0,0.0
2009-07,09 Aust-Agder,0.0,0.0
2009-07,10 Vest-Agder,0.0,0.0
2009-07,11 Rogaland,0.0,0.0
2009-07,12 Hordaland,0.0,0.0
2009-07,14 Sogn og Fjordane,0.0,0.0
2009-07,15 Møre og Romsdal,0.0,0.0
2009-07,16 Sør-Trøndelag,0.0,0.0
2009-07,17 Nord-Trøndelag,0.0,0.0
2009-07,18 Nordland,0.0,0.0
2009-07,19 Troms - Romsa,0.0,0.0
2009-07,20 Finnmark - Finnmárku,0.0,0.0
2009-07,21 Svalbard,..,..
2009-07,23 Kontinentalsokkelen,35753.7,61344.6
2009-07,24 Kildeskatt på pensjon,0.0,0.0
2009-08,01 Østfold,0.0,0.0
2009-08,02 Akershus,0.0,0.0
2009-08,03 Oslo,0.0,0.0
2009-08,04 Hedmark,0.0,0.0
2009-08,05 Oppland,0.0,0.0
2009-08,06 Buskerud,0.0,0.0
2009-08,07 Vestfold,0.0,0.0
2009-08,08 Telemark,0.0,0.0
2009-08,09 Aust-Agder,0.0,0.0
2009-08,10 Vest-Agder,0.0,0.0
2009-08,11 Rogaland,0.0,0.0
2009-08,12 Hordaland,0.0,0.0
2009-08,14 Sogn og Fjordane,0.0,0.0
2009-08,15 Møre og Romsdal,0.0,0.0
2009-08,16 Sør-Trøndelag,0.0,0.0
2009-08,17 Nord-Trøndelag,0.0,0.0
2009-08,18 Nordland,0.0,0.0
2009-08,19 Troms - Romsa,0.0,0.0
2009-08,20 Finnmark - Finnmárku,0.0,0.0
2009-08,21 Svalbard,..,..
2009-08,23 Kontinentalsokkelen,45715.3,77366.9
2009-08,24 Kildeskatt på pensjon,0.0,0.0
2009-09,01 Østfold,0.0,0.0
2009-09,02 Akershus,0.0,0.0
2009-09,03 Oslo,0.0,0.0
2009-09,04 Hedmark,0.0,0.0
2009-09,05 Oppland,0.0,0.0
2009-09,06 Buskerud,0.0,0.0
2009-09,07 Vestfold,0.0,0.0
2009-09,08 Telemark,0.0,0.0
2009-09,09 Aust-Agder,0.0,0.0
2009-09,10 Vest-Agder,0.0,0.0
2009-09,11 Rogaland,0.0,0.0
2009-09,12 Hordaland,0.0,0.0
2009-09,14 Sogn og Fjordane,0.0,0.0
2009-09,15 Møre og Romsdal,0.0,0.0
2009-09,16 Sør-Trøndelag,0.0,0.0
2009-09,17 Nord-Trøndelag,0.0,0.0
2009-09,18 Nordland,0.0,0.0
2009-09,19 Troms - Romsa,0.0,0.0
2009-09,20 Finnmark - Finnmárku,0.0,0.0
2009-09,21 Svalbard,0.0,0.0
2009-09,23 Kontinentalsokkelen,44743.6,76094.8
2009-09,24 Kildeskatt på pensjon,0.0,0.0
2009-10,01 Østfold,0.0,0.0
2009-10,02 Akershus,0.0,0.0
2009-10,03 Oslo,0.0,0.0
2009-10,04 Hedmark,0.0,0.0
2009-10,05 Oppland,0.0,0.0
2009-10,06 Buskerud,0.0,0.0
2009-10,07 Vestfold,0.0,0.0
2009-10,08 Telemark,0.0,0.0
2009-10,09 Aust-Agder,0.0,0.0
2009-10,10 Vest-Agder,0.0,0.0
2009-10,11 Rogaland,0.0,0.0
2009-10,12 Hordaland,0.0,0.0
2009-10,14 Sogn og Fjordane,0.0,0.0
2009-10,15 Møre og Romsdal,0.0,0.0
2009-10,16 Sør-Trøndelag,0.0,0.0
2009-10,17 Nord-Trøndelag,0.0,0.0
2009-10,18 Nordland,0.0,0.0
2009-10,19 Troms - Romsa,0.0,0.0
2009-10,20 Finnmark - Finnmárku,0.0,0.0
2009-10,21 Svalbard,0.0,0.0
2009-10,23 Kontinentalsokkelen,54455.7,91871.1
2009-10,24 Kildeskatt på pensjon,0.0,0.0
2009-11,01 Østfold,0.0,0.0
2009-11,02 Akershus,0.0,0.0
2009-11,03 Oslo,0.0,0.0
2009-11,04 Hedmark,0.0,0.0
2009-11,05 Oppland,0.0,0.0
2009-11,06 Buskerud,0.0,0.0
2009-11,07 Vestfold,0.0,0.0
2009-11,08 Telemark,0.0,0.0
2009-11,09 Aust-Agder,0.0,0.0
2009-11,10 Vest-Agder,0.0,0.0
2009-11,11 Rogaland,0.0,0.0
2009-11,12 Hordaland,0.0,0.0
2009-11,14 Sogn og Fjordane,0.0,0.0
2009-11,15 Møre og Romsdal,0.0,0.0
2009-11,16 Sør-Trøndelag,0.0,0.0
2009-11,17 Nord-Trøndelag,0.0,0.0
2009-11,18 Nordland,0.0,0.0
2009-11,19 Troms - Romsa,0.0,0.0
2009-11,20 Finnmark - Finnmárku,0.0,0.0
2009-11,21 Svalbard,0.0,0.0
2009-11,23 Kontinentalsokkelen,54162.6,92192.2
2009-11,24 Kildeskatt på pensjon,0.0,0.0
2009-12,01 Østfold,0.0,0.0
2009-12,02 Akershus,0.0,0.0
2009-12,03 Oslo,0.0,0.0
2009-12,04 Hedmark,0.0,0.0
2009-12,05 Oppland,0.0,0.0
2009-12,06 Buskerud,0.0,0.0
2009-12,07 Vestfold,0.0,0.0
2009-12,08 Telemark,0.0,0.0
2009-12,09 Aust-Agder,0.0,0.0
2009-12,10 Vest-Agder,0.0,0.0
2009-12,11 Rogaland,0.0,0.0
2009-12,12 Hordaland,0.0,0.0
2009-12,14 Sogn og Fjordane,0.0,0.0
2009-12,15 Møre og Romsdal,0.0,0.0
2009-12,16 Sør-Trøndelag,0.0,0.0
2009-12,17 Nord-Trøndelag,0.0,0.0
2009-12,18 Nordland,0.0,0.0
2009-12,19 Troms - Romsa,0.0,0.0
2009-12,20 Finnmark - Finnmárku,0.0,0.0
2009-12,21 Svalbard,0.0,0.0
2009-12,23 Kontinentalsokkelen,61500.6,103733.3
2009-12,24 Kildeskatt på pensjon,0.0,0.0
2010-01,01 Østfold,0.0,0.0
2010-01,02 Akershus,0.0,0.0
2010-01,03 Oslo,0.0,0.0
2010-01,04 Hedmark,0.0,0.0
2010-01,05 Oppland,0.0,0.0
2010-01,06 Buskerud,0.0,0.0
2010-01,07 Vestfold,0.0,0.0
2010-01,08 Telemark,0.0,0.0
2010-01,09 Aust-Agder,0.0,0.0
2010-01,10 Vest-Agder,0.0,0.0
2010-01,11 Rogaland,0.0,0.0
2010-01,12 Hordaland,0.0,0.0
2010-01,14 Sogn og Fjordane,0.0,0.0
2010-01,15 Møre og Romsdal,0.0,0.0
2010-01,16 Sør-Trøndelag,0.0,0.0
2010-01,17 Nord-Trøndelag,0.0,0.0
2010-01,18 Nordland,0.0,0.0
2010-01,19 Troms - Romsa,0.0,0.0
2010-01,20 Finnmark - Finnmárku,0.0,0.0
2010-01,21 Svalbard,0.0,0.0
2010-01,23 Kontinentalsokkelen,12.7,20.4
2010-01,24 Kildeskatt på pensjon,0.0,0.0
2010-02,01 Østfold,0.0,0.0
2010-02,02 Akershus,0.0,0.0
2010-02,03 Oslo,0.0,0.0
2010-02,04 Hedmark,0.0,0.0
2010-02,05 Oppland,0.0,0.0
2010-02,06 Buskerud,0.0,0.0
2010-02,07 Vestfold,0.0,0.0
2010-02,08 Telemark,0.0,0.0
2010-02,09 Aust-Agder,0.0,0.0
2010-02,10 Vest-Agder,0.0,0.0
2010-02,11 Rogaland,0.0,0.0
2010-02,12 Hordaland,0.0,0.0
2010-02,14 Sogn og Fjordane,0.0,0.0
2010-02,15 Møre og Romsdal,0.0,0.0
2010-02,16 Sør-Trøndelag,0.0,0.0
2010-02,17 Nord-Trøndelag,0.0,0.0
2010-02,18 Nordland,0.0,0.0
2010-02,19 Troms - Romsa,0.0,0.0
2010-02,20 Finnmark - Finnmárku,0.0,0.0
2010-02,21 Svalbard,0.0,0.0
2010-02,23 Kontinentalsokkelen,8160.9,13125.8
2010-02,24 Kildeskatt på pensjon,0.0,0.0
2010-03,01 Østfold,0.0,0.0
2010-03,02 Akershus,0.0,0.0
2010-03,03 Oslo,0.0,0.0
2010-03,04 Hedmark,0.0,0.0
2010-03,05 Oppland,0.0,0.0
2010-03,06 Buskerud,0.0,0.0
2010-03,07 Vestfold,0.0,0.0
2010-03,08 Telemark,0.0,0.0
2010-03,09 Aust-Agder,0.0,0.0
2010-03,10 Vest-Agder,0.0,0.0
2010-03,11 Rogaland,0.0,0.0
2010-03,12 Hordaland,0.0,0.0
2010-03,14 Sogn og Fjordane,0.0,0.0
2010-03,15 Møre og Romsdal,0.0,0.0
2010-03,16 Sør-Trøndelag,0.0,0.0
2010-03,17 Nord-Trøndelag,0.0,0.0
2010-03,18 Nordland,0.0,0.0
2010-03,19 Troms - Romsa,0.0,0.0
2010-03,20 Finnmark - Finnmárku,0.0,0.0
2010-03,21 Svalbard,0.0,0.0
2010-03,23 Kontinentalsokkelen,8155.6,13120.2
2010-03,24 Kildeskatt på pensjon,0.0,0.0
2010-04,01 Østfold,0.0,0.0
2010-04,02 Akershus,0.0,0.0
2010-04,03 Oslo,0.0,0.0
2010-04,04 Hedmark,0.0,0.0
2010-04,05 Oppland,0.0,0.0
2010-04,06 Buskerud,0.0,0.0
2010-04,07 Vestfold,0.0,0.0
2010-04,08 Telemark,0.0,0.0
2010-04,09 Aust-Agder,0.0,0.0
2010-04,10 Vest-Agder,0.0,0.0
2010-04,11 Rogaland,0.0,0.0
2010-04,12 Hordaland,0.0,0.0
2010-04,14 Sogn og Fjordane,0.0,0.0
2010-04,15 Møre og Romsdal,0.0,0.0
2010-04,16 Sør-Trøndelag,0.0,0.0
2010-04,17 Nord-Trøndelag,0.0,0.0
2010-04,18 Nordland,0.0,0.0
2010-04,19 Troms - Romsa,0.0,0.0
2010-04,20 Finnmark - Finnmárku,0.0,0.0
2010-04,21 Svalbard,0.0,0.0
2010-04,23 Kontinentalsokkelen,17467.8,28098.2
2010-04,24 Kildeskatt på pensjon,0.0,0.0
2010-05,01 Østfold,0.0,0.0
2010-05,02 Akershus,0.0,0.0
2010-05,03 Oslo,0.0,0.0
2010-05,04 Hedmark,0.0,0.0
2010-05,05 Oppland,0.0,0.0
2010-05,06 Buskerud,0.0,0.0
2010-05,07 Vestfold,0.0,0.0
2010-05,08 Telemark,0.0,0.0
2010-05,09 Aust-Agder,0.0,0.0
2010-05,10 Vest-Agder,0.0,0.0
2010-05,11 Rogaland,0.0,0.0
2010-05,12 Hordaland,0.0,0.0
2010-05,14 Sogn og Fjordane,0.0,0.0
2010-05,15 Møre og Romsdal,0.0,0.0
2010-05,16 Sør-Trøndelag,0.0,0.0
2010-05,17 Nord-Trøndelag,0.0,0.0
2010-05,18 Nordland,0.0,0.0
2010-05,19 Troms - Romsa,0.0,0.0
2010-05,20 Finnmark - Finnmárku,0.0,0.0
2010-05,21 Svalbard,0.0,0.0
2010-05,23 Kontinentalsokkelen,17440.6,28054.3
2010-05,24 Kildeskatt på pensjon,0.0,0.0
2010-06,01 Østfold,0.0,0.0
2010-06,02 Akershus,0.0,0.0
2010-06,03 Oslo,0.0,0.0
2010-06,04 Hedmark,0.0,0.0
2010-06,05 Oppland,0.0,0.0
2010-06,06 Buskerud,0.0,0.0
2010-06,07 Vestfold,0.0,0.0
2010-06,08 Telemark,0.0,0.0
2010-06,09 Aust-Agder,0.0,0.0
2010-06,10 Vest-Agder,0.0,0.0
2010-06,11 Rogaland,0.0,0.0
2010-06,12 Hordaland,0.0,0.0
2010-06,14 Sogn og Fjordane,0.0,0.0
2010-06,15 Møre og Romsdal,0.0,0.0
2010-06,16 Sør-Trøndelag,0.0,0.0
2010-06,17 Nord-Trøndelag,0.0,0.0
2010-06,18 Nordland,0.0,0.0
2010-06,19 Troms - Romsa,0.0,0.0
2010-06,20 Finnmark - Finnmárku,0.0,0.0
2010-06,21 Svalbard,0.0,0.0
2010-06,23 Kontinentalsokkelen,25594.2,41168.5
2010-06,24 Kildeskatt på pensjon,0.0,0.0
2010-07,01 Østfold,0.0,0.0
2010-07,02 Akershus,0.0,0.0
2010-07,03 Oslo,0.0,0.0
2010-07,04 Hedmark,0.0,0.0
2010-07,05 Oppland,0.0,0.0
2010-07,06 Buskerud,0.0,0.0
2010-07,07 Vestfold,0.0,0.0
2010-07,08 Telemark,0.0,0.0
2010-07,09 Aust-Agder,0.0,0.0
2010-07,10 Vest-Agder,0.0,0.0
2010-07,11 Rogaland,0.0,0.0
2010-07,12 Hordaland,0.0,0.0
2010-07,14 Sogn og Fjordane,0.0,0.0
2010-07,15 Møre og Romsdal,0.0,0.0
2010-07,16 Sør-Trøndelag,0.0,0.0
2010-07,17 Nord-Trøndelag,0.0,0.0
2010-07,18 Nordland,0.0,0.0
2010-07,19 Troms - Romsa,0.0,0.0
2010-07,20 Finnmark - Finnmárku,0.0,0.0
2010-07,21 Svalbard,0.0,0.0
2010-07,23 Kontinentalsokkelen,25829.9,41563.7
2010-07,24 Kildeskatt på pensjon,0.0,0.0
2010-08,01 Østfold,0.0,0.0
2010-08,02 Akershus,0.0,0.0
2010-08,03 Oslo,0.0,0.0
2010-08,04 Hedmark,0.0,0.0
2010-08,05 Oppland,0.0,0.0
2010-08,06 Buskerud,0.0,0.0
2010-08,07 Vestfold,0.0,0.0
2010-08,08 Telemark,0.0,0.0
2010-08,09 Aust-Agder,0.0,0.0
2010-08,10 Vest-Agder,0.0,0.0
2010-08,11 Rogaland,0.0,0.0
2010-08,12 Hordaland,0.0,0.0
2010-08,14 Sogn og Fjordane,0.0,0.0
2010-08,15 Møre og Romsdal,0.0,0.0
2010-08,16 Sør-Trøndelag,0.0,0.0
2010-08,17 Nord-Trøndelag,0.0,0.0
2010-08,18 Nordland,0.0,0.0
2010-08,19 Troms - Romsa,0.0,0.0
2010-08,20 Finnmark - Finnmárku,0.0,0.0
2010-08,21 Svalbard,0.0,0.0
2010-08,23 Kontinentalsokkelen,37023.8,59916.9
2010-08,24 Kildeskatt på pensjon,0.0,0.0
2010-09,01 Østfold,0.0,0.0
2010-09,02 Akershus,0.0,0.0
2010-09,03 Oslo,0.0,0.0
2010-09,04 Hedmark,0.0,0.0
2010-09,05 Oppland,0.0,0.0
2010-09,06 Buskerud,0.0,0.0
2010-09,07 Vestfold,0.0,0.0
2010-09,08 Telemark,0.0,0.0
2010-09,09 Aust-Agder,0.0,0.0
2010-09,10 Vest-Agder,0.0,0.0
2010-09,11 Rogaland,0.0,0.0
2010-09,12 Hordaland,0.0,0.0
2010-09,14 Sogn og Fjordane,0.0,0.0
2010-09,15 Møre og Romsdal,0.0,0.0
2010-09,16 Sør-Trøndelag,0.0,0.0
2010-09,17 Nord-Trøndelag,0.0,0.0
2010-09,18 Nordland,0.0,0.0
2010-09,19 Troms - Romsa,0.0,0.0
2010-09,20 Finnmark - Finnmárku,0.0,0.0
2010-09,21 Svalbard,0.0,0.0
2010-09,23 Kontinentalsokkelen,37059.8,59976.5
2010-09,24 Kildeskatt på pensjon,0.0,0.0
2010-10,01 Østfold,0.0,0.0
2010-10,02 Akershus,0.0,0.0
2010-10,03 Oslo,0.0,0.0
2010-10,04 Hedmark,0.0,0.0
2010-10,05 Oppland,0.0,0.0
2010-10,06 Buskerud,0.0,0.0
2010-10,07 Vestfold,0.0,0.0
2010-10,08 Telemark,0.0,0.0
2010-10,09 Aust-Agder,0.0,0.0
2010-10,10 Vest-Agder,0.0,0.0
2010-10,11 Rogaland,0.0,0.0
2010-10,12 Hordaland,0.0,0.0
2010-10,14 Sogn og Fjordane,0.0,0.0
2010-10,15 Møre og Romsdal,0.0,0.0
2010-10,16 Sør-Trøndelag,0.0,0.0
2010-10,17 Nord-Trøndelag,0.0,0.0
2010-10,18 Nordland,0.0,0.0
2010-10,19 Troms - Romsa,0.0,0.0
2010-10,20 Finnmark - Finnmárku,0.0,0.0
2010-10,21 Svalbard,0.0,0.0
2010-10,23 Kontinentalsokkelen,48252.9,78328.4
2010-10,24 Kildeskatt på pensjon,0.0,0.0
2010-11,01 Østfold,0.0,0.0
2010-11,02 Akershus,0.0,0.0
2010-11,03 Oslo,0.0,0.0
2010-11,04 Hedmark,0.0,0.0
2010-11,05 Oppland,0.0,0.0
2010-11,06 Buskerud,0.0,0.0
2010-11,07 Vestfold,0.0,0.0
2010-11,08 Telemark,0.0,0.0
2010-11,09 Aust-Agder,0.0,0.0
2010-11,10 Vest-Agder,0.0,0.0
2010-11,11 Rogaland,0.0,0.0
2010-11,12 Hordaland,0.0,0.0
2010-11,14 Sogn og Fjordane,0.0,0.0
2010-11,15 Møre og Romsdal,0.0,0.0
2010-11,16 Sør-Trøndelag,0.0,0.0
2010-11,17 Nord-Trøndelag,0.0,0.0
2010-11,18 Nordland,0.0,0.0
2010-11,19 Troms - Romsa,0.0,0.0
2010-11,20 Finnmark - Finnmárku,0.0,0.0
2010-11,21 Svalbard,0.0,0.0
2010-11,23 Kontinentalsokkelen,48274.7,78364.0
2010-11,24 Kildeskatt på pensjon,0.0,0.0
2010-12,01 Østfold,0.0,0.0
2010-12,02 Akershus,0.0,0.0
2010-12,03 Oslo,0.0,0.0
2010-12,04 Hedmark,0.0,0.0
2010-12,05 Oppland,0.0,0.0
2010-12,06 Buskerud,0.0,0.0
2010-12,07 Vestfold,0.0,0.0
2010-12,08 Telemark,0.0,0.0
2010-12,09 Aust-Agder,0.0,0.0
2010-12,10 Vest-Agder,0.0,0.0
2010-12,11 Rogaland,0.0,0.0
2010-12,12 Hordaland,0.0,0.0
2010-12,14 Sogn og Fjordane,0.0,0.0
2010-12,15 Møre og Romsdal,0.0,0.0
2010-12,16 Sør-Trøndelag,0.0,0.0
2010-12,17 Nord-Trøndelag,0.0,0.0
2010-12,18 Nordland,0.0,0.0
2010-12,19 Troms - Romsa,0.0,0.0
2010-12,20 Finnmark - Finnmárku,0.0,0.0
2010-12,21 Svalbard,0.0,0.0
2010-12,23 Kontinentalsokkelen,59249.2,96360.1
2010-12,24 Kildeskatt på pensjon,0.0,0.0
2011-01,01 Østfold,0.0,0.0
2011-01,02 Akershus,0.0,0.0
2011-01,03 Oslo,0.0,0.0
2011-01,04 Hedmark,0.0,0.0
2011-01,05 Oppland,0.0,0.0
2011-01,06 Buskerud,0.0,0.0
2011-01,07 Vestfold,0.0,0.0
2011-01,08 Telemark,0.0,0.0
2011-01,09 Aust-Agder,0.0,0.0
2011-01,10 Vest-Agder,0.0,0.0
2011-01,11 Rogaland,0.0,0.0
2011-01,12 Hordaland,0.0,0.0
2011-01,14 Sogn og Fjordane,0.0,0.0
2011-01,15 Møre og Romsdal,0.0,0.0
2011-01,16 Sør-Trøndelag,0.0,0.0
2011-01,17 Nord-Trøndelag,0.0,0.0
2011-01,18 Nordland,0.0,0.0
2011-01,19 Troms - Romsa,0.0,0.0
2011-01,20 Finnmark - Finnmárku,0.0,0.0
2011-01,21 Svalbard,0.0,0.0
2011-01,23 Kontinentalsokkelen,21.7,35.6
2011-01,24 Kildeskatt på pensjon,0.0,0.0
2011-02,01 Østfold,0.0,0.0
2011-02,02 Akershus,0.0,0.0
2011-02,03 Oslo,0.0,0.0
2011-02,04 Hedmark,0.0,0.0
2011-02,05 Oppland,0.0,0.0
2011-02,06 Buskerud,0.0,0.0
2011-02,07 Vestfold,0.0,0.0
2011-02,08 Telemark,0.0,0.0
2011-02,09 Aust-Agder,0.0,0.0
2011-02,10 Vest-Agder,0.0,0.0
2011-02,11 Rogaland,0.0,0.0
2011-02,12 Hordaland,0.0,0.0
2011-02,14 Sogn og Fjordane,0.0,0.0
2011-02,15 Møre og Romsdal,0.0,0.0
2011-02,16 Sør-Trøndelag,0.0,0.0
2011-02,17 Nord-Trøndelag,0.0,0.0
2011-02,18 Nordland,0.0,0.0
2011-02,19 Troms - Romsa,0.0,0.0
2011-02,20 Finnmark - Finnmárku,0.0,0.0
2011-02,21 Svalbard,0.0,0.0
2011-02,23 Kontinentalsokkelen,10909.8,17887.6
2011-02,24 Kildeskatt på pensjon,0.0,0.0
2011-03,01 Østfold,0.0,0.0
2011-03,02 Akershus,0.0,0.0
2011-03,03 Oslo,0.0,0.0
2011-03,04 Hedmark,0.0,0.0
2011-03,05 Oppland,0.0,0.0
2011-03,06 Buskerud,0.0,0.0
2011-03,07 Vestfold,0.0,0.0
2011-03,08 Telemark,0.0,0.0
2011-03,09 Aust-Agder,0.0,0.0
2011-03,10 Vest-Agder,0.0,0.0
2011-03,11 Rogaland,0.0,0.0
2011-03,12 Hordaland,0.0,0.0
2011-03,14 Sogn og Fjordane,0.0,0.0
2011-03,15 Møre og Romsdal,0.0,0.0
2011-03,16 Sør-Trøndelag,0.0,0.0
2011-03,17 Nord-Trøndelag,0.0,0.0
2011-03,18 Nordland,0.0,0.0
2011-03,19 Troms - Romsa,0.0,0.0
2011-03,20 Finnmark - Finnmárku,0.0,0.0
2011-03,21 Svalbard,0.0,0.0
2011-03,23 Kontinentalsokkelen,11009.4,18057.9
2011-03,24 Kildeskatt på pensjon,0.0,0.0
2011-04,01 Østfold,0.0,0.0
2011-04,02 Akershus,0.0,0.0
2011-04,03 Oslo,0.0,0.0
2011-04,04 Hedmark,0.0,0.0
2011-04,05 Oppland,0.0,0.0
2011-04,06 Buskerud,0.0,0.0
2011-04,07 Vestfold,0.0,0.0
2011-04,08 Telemark,0.0,0.0
2011-04,09 Aust-Agder,0.0,0.0
2011-04,10 Vest-Agder,0.0,0.0
2011-04,11 Rogaland,0.0,0.0
2011-04,12 Hordaland,0.0,0.0
2011-04,14 Sogn og Fjordane,0.0,0.0
2011-04,15 Møre og Romsdal,0.0,0.0
2011-04,16 Sør-Trøndelag,0.0,0.0
2011-04,17 Nord-Trøndelag,0.0,0.0
2011-04,18 Nordland,0.0,0.0
2011-04,19 Troms - Romsa,0.0,0.0
2011-04,20 Finnmark - Finnmárku,0.0,0.0
2011-04,21 Svalbard,0.0,0.0
2011-04,23 Kontinentalsokkelen,22201.1,36413.6
2011-04,24 Kildeskatt på pensjon,0.0,0.0
2011-05,01 Østfold,0.0,0.0
2011-05,02 Akershus,0.0,0.0
2011-05,03 Oslo,0.0,0.0
2011-05,04 Hedmark,0.0,0.0
2011-05,05 Oppland,0.0,0.0
2011-05,06 Buskerud,0.0,0.0
2011-05,07 Vestfold,0.0,0.0
2011-05,08 Telemark,0.0,0.0
2011-05,09 Aust-Agder,0.0,0.0
2011-05,10 Vest-Agder,0.0,0.0
2011-05,11 Rogaland,0.0,0.0
2011-05,12 Hordaland,0.0,0.0
2011-05,14 Sogn og Fjordane,0.0,0.0
2011-05,15 Møre og Romsdal,0.0,0.0
2011-05,16 Sør-Trøndelag,0.0,0.0
2011-05,17 Nord-Trøndelag,0.0,0.0
2011-05,18 Nordland,0.0,0.0
2011-05,19 Troms - Romsa,0.0,0.0
2011-05,20 Finnmark - Finnmárku,0.0,0.0
2011-05,21 Svalbard,0.0,0.0
2011-05,23 Kontinentalsokkelen,22201.1,36413.6
2011-05,24 Kildeskatt på pensjon,0.0,0.0
2011-06,01 Østfold,0.0,0.0
2011-06,02 Akershus,0.0,0.0
2011-06,03 Oslo,0.0,0.0
2011-06,04 Hedmark,0.0,0.0
2011-06,05 Oppland,0.0,0.0
2011-06,06 Buskerud,0.0,0.0
2011-06,07 Vestfold,0.0,0.0
2011-06,08 Telemark,0.0,0.0
2011-06,09 Aust-Agder,0.0,0.0
2011-06,10 Vest-Agder,0.0,0.0
2011-06,11 Rogaland,0.0,0.0
2011-06,12 Hordaland,0.0,0.0
2011-06,14 Sogn og Fjordane,0.0,0.0
2011-06,15 Møre og Romsdal,0.0,0.0
2011-06,16 Sør-Trøndelag,0.0,0.0
2011-06,17 Nord-Trøndelag,0.0,0.0
2011-06,18 Nordland,0.0,0.0
2011-06,19 Troms - Romsa,0.0,0.0
2011-06,20 Finnmark - Finnmárku,0.0,0.0
2011-06,21 Svalbard,0.0,0.0
2011-06,23 Kontinentalsokkelen,33108.3,54296.7
2011-06,24 Kildeskatt på pensjon,0.0,0.0
2011-07,01 Østfold,0.0,0.0
2011-07,02 Akershus,0.0,0.0
2011-07,03 Oslo,0.0,0.0
2011-07,04 Hedmark,0.0,0.0
2011-07,05 Oppland,0.0,0.0
2011-07,06 Buskerud,0.0,0.0
2011-07,07 Vestfold,0.0,0.0
2011-07,08 Telemark,0.0,0.0
2011-07,09 Aust-Agder,0.0,0.0
2011-07,10 Vest-Agder,0.0,0.0
2011-07,11 Rogaland,0.0,0.0
2011-07,12 Hordaland,0.0,0.0
2011-07,14 Sogn og Fjordane,0.0,0.0
2011-07,15 Møre og Romsdal,0.0,0.0
2011-07,16 Sør-Trøndelag,0.0,0.0
2011-07,17 Nord-Trøndelag,0.0,0.0
2011-07,18 Nordland,0.0,0.0
2011-07,19 Troms - Romsa,0.0,0.0
2011-07,20 Finnmark - Finnmárku,0.0,0.0
2011-07,21 Svalbard,0.0,0.0
2011-07,23 Kontinentalsokkelen,33020.2,54153.5
2011-07,24 Kildeskatt på pensjon,0.0,0.0
2011-08,01 Østfold,0.0,0.0
2011-08,02 Akershus,0.0,0.0
2011-08,03 Oslo,0.0,0.0
2011-08,04 Hedmark,0.0,0.0
2011-08,05 Oppland,0.0,0.0
2011-08,06 Buskerud,0.0,0.0
2011-08,07 Vestfold,0.0,0.0
2011-08,08 Telemark,0.0,0.0
2011-08,09 Aust-Agder,0.0,0.0
2011-08,10 Vest-Agder,0.0,0.0
2011-08,11 Rogaland,0.0,0.0
2011-08,12 Hordaland,0.0,0.0
2011-08,14 Sogn og Fjordane,0.0,0.0
2011-08,15 Møre og Romsdal,0.0,0.0
2011-08,16 Sør-Trøndelag,0.0,0.0
2011-08,17 Nord-Trøndelag,0.0,0.0
2011-08,18 Nordland,0.0,0.0
2011-08,19 Troms - Romsa,0.0,0.0
2011-08,20 Finnmark - Finnmárku,0.0,0.0
2011-08,21 Svalbard,0.0,0.0
2011-08,23 Kontinentalsokkelen,48052.1,78780.1
2011-08,24 Kildeskatt på pensjon,0.0,0.0
2011-09,01 Østfold,0.0,0.0
2011-09,02 Akershus,0.0,0.0
2011-09,03 Oslo,0.0,0.0
2011-09,04 Hedmark,0.0,0.0
2011-09,05 Oppland,0.0,0.0
2011-09,06 Buskerud,0.0,0.0
2011-09,07 Vestfold,0.0,0.0
2011-09,08 Telemark,0.0,0.0
2011-09,09 Aust-Agder,0.0,0.0
2011-09,10 Vest-Agder,0.0,0.0
2011-09,11 Rogaland,0.0,0.0
2011-09,12 Hordaland,0.0,0.0
2011-09,14 Sogn og Fjordane,0.0,0.0
2011-09,15 Møre og Romsdal,0.0,0.0
2011-09,16 Sør-Trøndelag,0.0,0.0
2011-09,17 Nord-Trøndelag,0.0,0.0
2011-09,18 Nordland,0.0,0.0
2011-09,19 Troms - Romsa,0.0,0.0
2011-09,20 Finnmark - Finnmárku,0.0,0.0
2011-09,21 Svalbard,0.0,0.0
2011-09,23 Kontinentalsokkelen,48811.4,80023.8
2011-09,24 Kildeskatt på pensjon,0.0,0.0
2011-10,01 Østfold,0.0,0.0
2011-10,02 Akershus,0.0,0.0
2011-10,03 Oslo,0.0,0.0
2011-10,04 Hedmark,0.0,0.0
2011-10,05 Oppland,0.0,0.0
2011-10,06 Buskerud,0.0,0.0
2011-10,07 Vestfold,0.0,0.0
2011-10,08 Telemark,0.0,0.0
2011-10,09 Aust-Agder,0.0,0.0
2011-10,10 Vest-Agder,0.0,0.0
2011-10,11 Rogaland,0.0,0.0
2011-10,12 Hordaland,0.0,0.0
2011-10,14 Sogn og Fjordane,0.0,0.0
2011-10,15 Møre og Romsdal,0.0,0.0
2011-10,16 Sør-Trøndelag,0.0,0.0
2011-10,17 Nord-Trøndelag,0.0,0.0
2011-10,18 Nordland,0.0,0.0
2011-10,19 Troms - Romsa,0.0,0.0
2011-10,20 Finnmark - Finnmárku,0.0,0.0
2011-10,21 Svalbard,0.0,0.0
2011-10,23 Kontinentalsokkelen,63389.2,103901.8
2011-10,24 Kildeskatt på pensjon,0.0,0.0
2011-11,01 Østfold,0.0,0.0
2011-11,02 Akershus,0.0,0.0
2011-11,03 Oslo,0.0,0.0
2011-11,04 Hedmark,0.0,0.0
2011-11,05 Oppland,0.0,0.0
2011-11,06 Buskerud,0.0,0.0
2011-11,07 Vestfold,0.0,0.0
2011-11,08 Telemark,0.0,0.0
2011-11,09 Aust-Agder,0.0,0.0
2011-11,10 Vest-Agder,0.0,0.0
2011-11,11 Rogaland,0.0,0.0
2011-11,12 Hordaland,0.0,0.0
2011-11,14 Sogn og Fjordane,0.0,0.0
2011-11,15 Møre og Romsdal,0.0,0.0
2011-11,16 Sør-Trøndelag,0.0,0.0
2011-11,17 Nord-Trøndelag,0.0,0.0
2011-11,18 Nordland,0.0,0.0
2011-11,19 Troms - Romsa,0.0,0.0
2011-11,20 Finnmark - Finnmárku,0.0,0.0
2011-11,21 Svalbard,0.0,0.0
2011-11,23 Kontinentalsokkelen,63595.1,103695.9
2011-11,24 Kildeskatt på pensjon,0.0,0.0
2011-12,01 Østfold,0.0,0.0
2011-12,02 Akershus,0.0,0.0
2011-12,03 Oslo,0.0,0.0
2011-12,04 Hedmark,0.0,0.0
2011-12,05 Oppland,0.0,0.0
2011-12,06 Buskerud,0.0,0.0
2011-12,07 Vestfold,0.0,0.0
2011-12,08 Telemark,0.0,0.0
2011-12,09 Aust-Agder,0.0,0.0
2011-12,10 Vest-Agder,0.0,0.0
2011-12,11 Rogaland,0.0,0.0
2011-12,12 Hordaland,0.0,0.0
2011-12,14 Sogn og Fjordane,0.0,0.0
2011-12,15 Møre og Romsdal,0.0,0.0
2011-12,16 Sør-Trøndelag,0.0,0.0
2011-12,17 Nord-Trøndelag,0.0,0.0
2011-12,18 Nordland,0.0,0.0
2011-12,19 Troms - Romsa,0.0,0.0
2011-12,20 Finnmark - Finnmárku,0.0,0.0
2011-12,21 Svalbard,0.0,0.0
2011-12,23 Kontinentalsokkelen,78243.3,127693.3
2011-12,24 Kildeskatt på pensjon,0.0,0.0
2012-01,01 Østfold,0.0,0.0
2012-01,02 Akershus,0.0,0.0
2012-01,03 Oslo,0.0,0.0
2012-01,04 Hedmark,0.0,0.0
2012-01,05 Oppland,0.0,0.0
2012-01,06 Buskerud,0.0,0.0
2012-01,07 Vestfold,0.0,0.0
2012-01,08 Telemark,0.0,0.0
2012-01,09 Aust-Agder,0.0,0.0
2012-01,10 Vest-Agder,0.0,0.0
2012-01,11 Rogaland,0.0,0.0
2012-01,12 Hordaland,0.0,0.0
2012-01,14 Sogn og Fjordane,0.0,0.0
2012-01,15 Møre og Romsdal,0.0,0.0
2012-01,16 Sør-Trøndelag,0.0,0.0
2012-01,17 Nord-Trøndelag,0.0,0.0
2012-01,18 Nordland,0.0,0.0
2012-01,19 Troms - Romsa,0.0,0.0
2012-01,20 Finnmark - Finnmárku,0.0,0.0
2012-01,21 Svalbard,0.0,0.0
2012-01,23 Kontinentalsokkelen,28.5,46.7
2012-01,24 Kildeskatt på pensjon,0.0,0.0
2012-02,01 Østfold,0.0,0.0
2012-02,02 Akershus,0.0,0.0
2012-02,03 Oslo,0.0,0.0
2012-02,04 Hedmark,0.0,0.0
2012-02,05 Oppland,0.0,0.0
2012-02,06 Buskerud,0.0,0.0
2012-02,07 Vestfold,0.0,0.0
2012-02,08 Telemark,0.0,0.0
2012-02,09 Aust-Agder,0.0,0.0
2012-02,10 Vest-Agder,0.0,0.0
2012-02,11 Rogaland,0.0,0.0
2012-02,12 Hordaland,0.0,0.0
2012-02,14 Sogn og Fjordane,0.0,0.0
2012-02,15 Møre og Romsdal,0.0,0.0
2012-02,16 Sør-Trøndelag,0.0,0.0
2012-02,17 Nord-Trøndelag,0.0,0.0
2012-02,18 Nordland,0.0,0.0
2012-02,19 Troms - Romsa,0.0,0.0
2012-02,20 Finnmark - Finnmárku,0.0,0.0
2012-02,21 Svalbard,0.0,0.0
2012-02,23 Kontinentalsokkelen,13922.7,22817.9
2012-02,24 Kildeskatt på pensjon,0.0,0.0
2012-03,01 Østfold,0.0,0.0
2012-03,02 Akershus,0.0,0.0
2012-03,03 Oslo,0.0,0.0
2012-03,04 Hedmark,0.0,0.0
2012-03,05 Oppland,0.0,0.0
2012-03,06 Buskerud,0.0,0.0
2012-03,07 Vestfold,0.0,0.0
2012-03,08 Telemark,0.0,0.0
2012-03,09 Aust-Agder,0.0,0.0
2012-03,10 Vest-Agder,0.0,0.0
2012-03,11 Rogaland,0.0,0.0
2012-03,12 Hordaland,0.0,0.0
2012-03,14 Sogn og Fjordane,0.0,0.0
2012-03,15 Møre og Romsdal,0.0,0.0
2012-03,16 Sør-Trøndelag,0.0,0.0
2012-03,17 Nord-Trøndelag,0.0,0.0
2012-03,18 Nordland,0.0,0.0
2012-03,19 Troms - Romsa,0.0,0.0
2012-03,20 Finnmark - Finnmárku,0.0,0.0
2012-03,21 Svalbard,0.0,0.0
2012-03,23 Kontinentalsokkelen,14153.7,23196.3
2012-03,24 Kildeskatt på pensjon,0.0,0.0
2012-04,01 Østfold,0.0,0.0
2012-04,02 Akershus,0.0,0.0
2012-04,03 Oslo,0.0,0.0
2012-04,04 Hedmark,0.0,0.0
2012-04,05 Oppland,0.0,0.0
2012-04,06 Buskerud,0.0,0.0
2012-04,07 Vestfold,0.0,0.0
2012-04,08 Telemark,0.0,0.0
2012-04,09 Aust-Agder,0.0,0.0
2012-04,10 Vest-Agder,0.0,0.0
2012-04,11 Rogaland,0.0,0.0
2012-04,12 Hordaland,0.0,0.0
2012-04,14 Sogn og Fjordane,0.0,0.0
2012-04,15 Møre og Romsdal,0.0,0.0
2012-04,16 Sør-Trøndelag,0.0,0.0
2012-04,17 Nord-Trøndelag,0.0,0.0
2012-04,18 Nordland,0.0,0.0
2012-04,19 Troms - Romsa,0.0,0.0
2012-04,20 Finnmark - Finnmárku,0.0,0.0
2012-04,21 Svalbard,0.0,0.0
2012-04,23 Kontinentalsokkelen,27712.7,45406.0
2012-04,24 Kildeskatt på pensjon,0.0,0.0
2012-05,01 Østfold,0.0,0.0
2012-05,02 Akershus,0.0,0.0
2012-05,03 Oslo,0.0,0.0
2012-05,04 Hedmark,0.0,0.0
2012-05,05 Oppland,0.0,0.0
2012-05,06 Buskerud,0.0,0.0
2012-05,07 Vestfold,0.0,0.0
2012-05,08 Telemark,0.0,0.0
2012-05,09 Aust-Agder,0.0,0.0
2012-05,10 Vest-Agder,0.0,0.0
2012-05,11 Rogaland,0.0,0.0
2012-05,12 Hordaland,0.0,0.0
2012-05,14 Sogn og Fjordane,0.0,0.0
2012-05,15 Møre og Romsdal,0.0,0.0
2012-05,16 Sør-Trøndelag,0.0,0.0
2012-05,17 Nord-Trøndelag,0.0,0.0
2012-05,18 Nordland,0.0,0.0
2012-05,19 Troms - Romsa,0.0,0.0
2012-05,20 Finnmark - Finnmárku,0.0,0.0
2012-05,21 Svalbard,0.0,0.0
2012-05,23 Kontinentalsokkelen,27732.7,45438.6
2012-05,24 Kildeskatt på pensjon,0.0,0.0
2012-06,01 Østfold,0.0,0.0
2012-06,02 Akershus,0.0,0.0
2012-06,03 Oslo,0.0,0.0
2012-06,04 Hedmark,0.0,0.0
2012-06,05 Oppland,0.0,0.0
2012-06,06 Buskerud,0.0,0.0
2012-06,07 Vestfold,0.0,0.0
2012-06,08 Telemark,0.0,0.0
2012-06,09 Aust-Agder,0.0,0.0
2012-06,10 Vest-Agder,0.0,0.0
2012-06,11 Rogaland,0.0,0.0
2012-06,12 Hordaland,0.0,0.0
2012-06,14 Sogn og Fjordane,0.0,0.0
2012-06,15 Møre og Romsdal,0.0,0.0
2012-06,16 Sør-Trøndelag,0.0,0.0
2012-06,17 Nord-Trøndelag,0.0,0.0
2012-06,18 Nordland,0.0,0.0
2012-06,19 Troms - Romsa,0.0,0.0
2012-06,20 Finnmark - Finnmárku,0.0,0.0
2012-06,21 Svalbard,0.0,0.0
2012-06,23 Kontinentalsokkelen,41450.6,67916.5
2012-06,24 Kildeskatt på pensjon,0.0,0.0
2012-07,01 Østfold,0.0,0.0
2012-07,02 Akershus,0.0,0.0
2012-07,03 Oslo,0.0,0.0
2012-07,04 Hedmark,0.0,0.0
2012-07,05 Oppland,0.0,0.0
2012-07,06 Buskerud,0.0,0.0
2012-07,07 Vestfold,0.0,0.0
2012-07,08 Telemark,0.0,0.0
2012-07,09 Aust-Agder,0.0,0.0
2012-07,10 Vest-Agder,0.0,0.0
2012-07,11 Rogaland,0.0,0.0
2012-07,12 Hordaland,0.0,0.0
2012-07,14 Sogn og Fjordane,0.0,0.0
2012-07,15 Møre og Romsdal,0.0,0.0
2012-07,16 Sør-Trøndelag,0.0,0.0
2012-07,17 Nord-Trøndelag,0.0,0.0
2012-07,18 Nordland,0.0,0.0
2012-07,19 Troms - Romsa,0.0,0.0
2012-07,20 Finnmark - Finnmárku,0.0,0.0
2012-07,21 Svalbard,0.0,0.0
2012-07,23 Kontinentalsokkelen,41692.5,68322.8
2012-07,24 Kildeskatt på pensjon,0.0,0.0
2012-08,01 Østfold,0.0,0.0
2012-08,02 Akershus,0.0,0.0
2012-08,03 Oslo,0.0,0.0
2012-08,04 Hedmark,0.0,0.0
2012-08,05 Oppland,0.0,0.0
2012-08,06 Buskerud,0.0,0.0
2012-08,07 Vestfold,0.0,0.0
2012-08,08 Telemark,0.0,0.0
2012-08,09 Aust-Agder,0.0,0.0
2012-08,10 Vest-Agder,0.0,0.0
2012-08,11 Rogaland,0.0,0.0
2012-08,12 Hordaland,0.0,0.0
2012-08,14 Sogn og Fjordane,0.0,0.0
2012-08,15 Møre og Romsdal,0.0,0.0
2012-08,16 Sør-Trøndelag,0.0,0.0
2012-08,17 Nord-Trøndelag,0.0,0.0
2012-08,18 Nordland,0.0,0.0
2012-08,19 Troms - Romsa,0.0,0.0
2012-08,20 Finnmark - Finnmárku,0.0,0.0
2012-08,21 Svalbard,0.0,0.0
2012-08,23 Kontinentalsokkelen,56641.5,93430.0
2012-08,24 Kildeskatt på pensjon,0.0,0.0
2012-09,01 Østfold,0.0,0.0
2012-09,02 Akershus,0.0,0.0
2012-09,03 Oslo,0.0,0.0
2012-09,04 Hedmark,0.0,0.0
2012-09,05 Oppland,0.0,0.0
2012-09,06 Buskerud,0.0,0.0
2012-09,07 Vestfold,0.0,0.0
2012-09,08 Telemark,0.0,0.0
2012-09,09 Aust-Agder,0.0,0.0
2012-09,10 Vest-Agder,0.0,0.0
2012-09,11 Rogaland,0.0,0.0
2012-09,12 Hordaland,0.0,0.0
2012-09,14 Sogn og Fjordane,0.0,0.0
2012-09,15 Møre og Romsdal,0.0,0.0
2012-09,16 Sør-Trøndelag,0.0,0.0
2012-09,17 Nord-Trøndelag,0.0,0.0
2012-09,18 Nordland,0.0,0.0
2012-09,19 Troms - Romsa,0.0,0.0
2012-09,20 Finnmark - Finnmárku,0.0,0.0
2012-09,21 Svalbard,0.0,0.0
2012-09,23 Kontinentalsokkelen,56631.8,93404.2
2012-09,24 Kildeskatt på pensjon,0.0,0.0
2012-10,01 Østfold,0.0,0.0
2012-10,02 Akershus,0.0,0.0
2012-10,03 Oslo,0.0,0.0
2012-10,04 Hedmark,0.0,0.0
2012-10,05 Oppland,0.0,0.0
2012-10,06 Buskerud,0.0,0.0
2012-10,07 Vestfold,0.0,0.0
2012-10,08 Telemark,0.0,0.0
2012-10,09 Aust-Agder,0.0,0.0
2012-10,10 Vest-Agder,0.0,0.0
2012-10,11 Rogaland,0.0,0.0
2012-10,12 Hordaland,0.0,0.0
2012-10,14 Sogn og Fjordane,0.0,0.0
2012-10,15 Møre og Romsdal,0.0,0.0
2012-10,16 Sør-Trøndelag,0.0,0.0
2012-10,17 Nord-Trøndelag,0.0,0.0
2012-10,18 Nordland,0.0,0.0
2012-10,19 Troms - Romsa,0.0,0.0
2012-10,20 Finnmark - Finnmárku,0.0,0.0
2012-10,21 Svalbard,0.0,0.0
2012-10,23 Kontinentalsokkelen,71951.6,119134.5
2012-10,24 Kildeskatt på pensjon,0.0,0.0
2012-11,01 Østfold,0.0,0.0
2012-11,02 Akershus,0.0,0.0
2012-11,03 Oslo,0.0,0.0
2012-11,04 Hedmark,0.0,0.0
2012-11,05 Oppland,0.0,0.0
2012-11,06 Buskerud,0.0,0.0
2012-11,07 Vestfold,0.0,0.0
2012-11,08 Telemark,0.0,0.0
2012-11,09 Aust-Agder,0.0,0.0
2012-11,10 Vest-Agder,0.0,0.0
2012-11,11 Rogaland,0.0,0.0
2012-11,12 Hordaland,0.0,0.0
2012-11,14 Sogn og Fjordane,0.0,0.0
2012-11,15 Møre og Romsdal,0.0,0.0
2012-11,16 Sør-Trøndelag,0.0,0.0
2012-11,17 Nord-Trøndelag,0.0,0.0
2012-11,18 Nordland,0.0,0.0
2012-11,19 Troms - Romsa,0.0,0.0
2012-11,20 Finnmark - Finnmárku,0.0,0.0
2012-11,21 Svalbard,0.0,0.0
2012-11,23 Kontinentalsokkelen,71964.8,119588.3
2012-11,24 Kildeskatt på pensjon,0.0,0.0
2012-12,01 Østfold,0.0,0.0
2012-12,02 Akershus,0.0,0.0
2012-12,03 Oslo,0.0,0.0
2012-12,04 Hedmark,0.0,0.0
2012-12,05 Oppland,0.0,0.0
2012-12,06 Buskerud,0.0,0.0
2012-12,07 Vestfold,0.0,0.0
2012-12,08 Telemark,0.0,0.0
2012-12,09 Aust-Agder,0.0,0.0
2012-12,10 Vest-Agder,0.0,0.0
2012-12,11 Rogaland,0.0,0.0
2012-12,12 Hordaland,0.0,0.0
2012-12,14 Sogn og Fjordane,0.0,0.0
2012-12,15 Møre og Romsdal,0.0,0.0
2012-12,16 Sør-Trøndelag,0.0,0.0
2012-12,17 Nord-Trøndelag,0.0,0.0
2012-12,18 Nordland,0.0,0.0
2012-12,19 Troms - Romsa,0.0,0.0
2012-12,20 Finnmark - Finnmárku,0.0,0.0
2012-12,21 Svalbard,0.0,0.0
2012-12,23 Kontinentalsokkelen,85803.0,142867.9
2012-12,24 Kildeskatt på pensjon,0.0,0.0
2013-01,01 Østfold,0.0,0.0
2013-01,02 Akershus,0.0,0.0
2013-01,03 Oslo,0.0,0.0
2013-01,04 Hedmark,0.0,0.0
2013-01,05 Oppland,0.0,0.0
2013-01,06 Buskerud,0.0,0.0
2013-01,07 Vestfold,0.0,0.0
2013-01,08 Telemark,0.0,0.0
2013-01,09 Aust-Agder,0.0,0.0
2013-01,10 Vest-Agder,0.0,0.0
2013-01,11 Rogaland,0.0,0.0
2013-01,12 Hordaland,0.0,0.0
2013-01,14 Sogn og Fjordane,0.0,0.0
2013-01,15 Møre og Romsdal,0.0,0.0
2013-01,16 Sør-Trøndelag,0.0,0.0
2013-01,17 Nord-Trøndelag,0.0,0.0
2013-01,18 Nordland,0.0,0.0
2013-01,19 Troms - Romsa,0.0,0.0
2013-01,20 Finnmark - Finnmárku,0.0,0.0
2013-01,21 Svalbard,0.0,0.0
2013-01,23 Kontinentalsokkelen,23.9,40.1
2013-01,24 Kildeskatt på pensjon,0.0,0.0
2013-02,01 Østfold,0.0,0.0
2013-02,02 Akershus,0.0,0.0
2013-02,03 Oslo,0.0,0.0
2013-02,04 Hedmark,0.0,0.0
2013-02,05 Oppland,0.0,0.0
2013-02,06 Buskerud,0.0,0.0
2013-02,07 Vestfold,0.0,0.0
2013-02,08 Telemark,0.0,0.0
2013-02,09 Aust-Agder,0.0,0.0
2013-02,10 Vest-Agder,0.0,0.0
2013-02,11 Rogaland,0.0,0.0
2013-02,12 Hordaland,0.0,0.0
2013-02,14 Sogn og Fjordane,0.0,0.0
2013-02,15 Møre og Romsdal,0.0,0.0
2013-02,16 Sør-Trøndelag,0.0,0.0
2013-02,17 Nord-Trøndelag,0.0,0.0
2013-02,18 Nordland,0.0,0.0
2013-02,19 Troms - Romsa,0.0,0.0
2013-02,20 Finnmark - Finnmárku,0.0,0.0
2013-02,21 Svalbard,0.0,0.0
2013-02,23 Kontinentalsokkelen,13248.0,22250.5
2013-02,24 Kildeskatt på pensjon,0.0,0.0
2013-03,01 Østfold,0.0,0.0
2013-03,02 Akershus,0.0,0.0
2013-03,03 Oslo,0.0,0.0
2013-03,04 Hedmark,0.0,0.0
2013-03,05 Oppland,0.0,0.0
2013-03,06 Buskerud,0.0,0.0
2013-03,07 Vestfold,0.0,0.0
2013-03,08 Telemark,0.0,0.0
2013-03,09 Aust-Agder,0.0,0.0
2013-03,10 Vest-Agder,0.0,0.0
2013-03,11 Rogaland,0.0,0.0
2013-03,12 Hordaland,0.0,0.0
2013-03,14 Sogn og Fjordane,0.0,0.0
2013-03,15 Møre og Romsdal,0.0,0.0
2013-03,16 Sør-Trøndelag,0.0,0.0
2013-03,17 Nord-Trøndelag,0.0,0.0
2013-03,18 Nordland,0.0,0.0
2013-03,19 Troms - Romsa,0.0,0.0
2013-03,20 Finnmark - Finnmárku,0.0,0.0
2013-03,21 Svalbard,0.0,0.0
2013-03,23 Kontinentalsokkelen,13272.4,22292.0
2013-03,24 Kildeskatt på pensjon,0.0,0.0
2013-04,01 Østfold,0.0,0.0
2013-04,02 Akershus,0.0,0.0
2013-04,03 Oslo,0.0,0.0
2013-04,04 Hedmark,0.0,0.0
2013-04,05 Oppland,0.0,0.0
2013-04,06 Buskerud,0.0,0.0
2013-04,07 Vestfold,0.0,0.0
2013-04,08 Telemark,0.0,0.0
2013-04,09 Aust-Agder,0.0,0.0
2013-04,10 Vest-Agder,0.0,0.0
2013-04,11 Rogaland,0.0,0.0
2013-04,12 Hordaland,0.0,0.0
2013-04,14 Sogn og Fjordane,0.0,0.0
2013-04,15 Møre og Romsdal,0.0,0.0
2013-04,16 Sør-Trøndelag,0.0,0.0
2013-04,17 Nord-Trøndelag,0.0,0.0
2013-04,18 Nordland,0.0,0.0
2013-04,19 Troms - Romsa,0.0,0.0
2013-04,20 Finnmark - Finnmárku,0.0,0.0
2013-04,21 Svalbard,0.0,0.0
2013-04,23 Kontinentalsokkelen,31395.6,52730.2
2013-04,24 Kildeskatt på pensjon,0.0,0.0
2013-05,01 Østfold,0.0,0.0
2013-05,02 Akershus,0.0,0.0
2013-05,03 Oslo,0.0,0.0
2013-05,04 Hedmark,0.0,0.0
2013-05,05 Oppland,0.0,0.0
2013-05,06 Buskerud,0.0,0.0
2013-05,07 Vestfold,0.0,0.0
2013-05,08 Telemark,0.0,0.0
2013-05,09 Aust-Agder,0.0,0.0
2013-05,10 Vest-Agder,0.0,0.0
2013-05,11 Rogaland,0.0,0.0
2013-05,12 Hordaland,0.0,0.0
2013-05,14 Sogn og Fjordane,0.0,0.0
2013-05,15 Møre og Romsdal,0.0,0.0
2013-05,16 Sør-Trøndelag,0.0,0.0
2013-05,17 Nord-Trøndelag,0.0,0.0
2013-05,18 Nordland,0.0,0.0
2013-05,19 Troms - Romsa,0.0,0.0
2013-05,20 Finnmark - Finnmárku,0.0,0.0
2013-05,21 Svalbard,0.0,0.0
2013-05,23 Kontinentalsokkelen,31325.8,52607.2
2013-05,24 Kildeskatt på pensjon,0.0,0.0
2013-06,01 Østfold,0.0,0.0
2013-06,02 Akershus,0.0,0.0
2013-06,03 Oslo,0.0,0.0
2013-06,04 Hedmark,0.0,0.0
2013-06,05 Oppland,0.0,0.0
2013-06,06 Buskerud,0.0,0.0
2013-06,07 Vestfold,0.0,0.0
2013-06,08 Telemark,0.0,0.0
2013-06,09 Aust-Agder,0.0,0.0
2013-06,10 Vest-Agder,0.0,0.0
2013-06,11 Rogaland,0.0,0.0
2013-06,12 Hordaland,0.0,0.0
2013-06,14 Sogn og Fjordane,0.0,0.0
2013-06,15 Møre og Romsdal,0.0,0.0
2013-06,16 Sør-Trøndelag,0.0,0.0
2013-06,17 Nord-Trøndelag,0.0,0.0
2013-06,18 Nordland,0.0,0.0
2013-06,19 Troms - Romsa,0.0,0.0
2013-06,20 Finnmark - Finnmárku,0.0,0.0
2013-06,21 Svalbard,0.0,0.0
2013-06,23 Kontinentalsokkelen,44391.2,74550.9
2013-06,24 Kildeskatt på pensjon,0.0,0.0
2013-07,01 Østfold,0.0,0.0
2013-07,02 Akershus,0.0,0.0
2013-07,03 Oslo,0.0,0.0
2013-07,04 Hedmark,0.0,0.0
2013-07,05 Oppland,0.0,0.0
2013-07,06 Buskerud,0.0,0.0
2013-07,07 Vestfold,0.0,0.0
2013-07,08 Telemark,0.0,0.0
2013-07,09 Aust-Agder,0.0,0.0
2013-07,10 Vest-Agder,0.0,0.0
2013-07,11 Rogaland,0.0,0.0
2013-07,12 Hordaland,0.0,0.0
2013-07,14 Sogn og Fjordane,0.0,0.0
2013-07,15 Møre og Romsdal,0.0,0.0
2013-07,16 Sør-Trøndelag,0.0,0.0
2013-07,17 Nord-Trøndelag,0.0,0.0
2013-07,18 Nordland,0.0,0.0
2013-07,19 Troms - Romsa,0.0,0.0
2013-07,20 Finnmark - Finnmárku,0.0,0.0
2013-07,21 Svalbard,0.0,0.0
2013-07,23 Kontinentalsokkelen,44517.5,74755.1
2013-07,24 Kildeskatt på pensjon,0.0,0.0
2013-08,01 Østfold,0.0,0.0
2013-08,02 Akershus,0.0,0.0
2013-08,03 Oslo,0.0,0.0
2013-08,04 Hedmark,0.0,0.0
2013-08,05 Oppland,0.0,0.0
2013-08,06 Buskerud,0.0,0.0
2013-08,07 Vestfold,0.0,0.0
2013-08,08 Telemark,0.0,0.0
2013-08,09 Aust-Agder,0.0,0.0
2013-08,10 Vest-Agder,0.0,0.0
2013-08,11 Rogaland,0.0,0.0
2013-08,12 Hordaland,0.0,0.0
2013-08,14 Sogn og Fjordane,0.0,0.0
2013-08,15 Møre og Romsdal,0.0,0.0
2013-08,16 Sør-Trøndelag,0.0,0.0
2013-08,17 Nord-Trøndelag,0.0,0.0
2013-08,18 Nordland,0.0,0.0
2013-08,19 Troms - Romsa,0.0,0.0
2013-08,20 Finnmark - Finnmárku,0.0,0.0
2013-08,21 Svalbard,0.0,0.0
2013-08,23 Kontinentalsokkelen,56325.1,93833.1
2013-08,24 Kildeskatt på pensjon,0.0,0.0
2013-09,01 Østfold,0.0,0.0
2013-09,02 Akershus,0.0,0.0
2013-09,03 Oslo,0.0,0.0
2013-09,04 Hedmark,0.0,0.0
2013-09,05 Oppland,0.0,0.0
2013-09,06 Buskerud,0.0,0.0
2013-09,07 Vestfold,0.0,0.0
2013-09,08 Telemark,0.0,0.0
2013-09,09 Aust-Agder,0.0,0.0
2013-09,10 Vest-Agder,0.0,0.0
2013-09,11 Rogaland,0.0,0.0
2013-09,12 Hordaland,0.0,0.0
2013-09,14 Sogn og Fjordane,0.0,0.0
2013-09,15 Møre og Romsdal,0.0,0.0
2013-09,16 Sør-Trøndelag,0.0,0.0
2013-09,17 Nord-Trøndelag,0.0,0.0
2013-09,18 Nordland,0.0,0.0
2013-09,19 Troms - Romsa,0.0,0.0
2013-09,20 Finnmark - Finnmárku,0.0,0.0
2013-09,21 Svalbard,0.0,0.0
2013-09,23 Kontinentalsokkelen,56321.3,93828.8
2013-09,24 Kildeskatt på pensjon,0.0,0.0
2013-10,01 Østfold,0.0,0.0
2013-10,02 Akershus,0.0,0.0
2013-10,03 Oslo,0.0,0.0
2013-10,04 Hedmark,0.0,0.0
2013-10,05 Oppland,0.0,0.0
2013-10,06 Buskerud,0.0,0.0
2013-10,07 Vestfold,0.0,0.0
2013-10,08 Telemark,0.0,0.0
2013-10,09 Aust-Agder,0.0,0.0
2013-10,10 Vest-Agder,0.0,0.0
2013-10,11 Rogaland,0.0,0.0
2013-10,12 Hordaland,0.0,0.0
2013-10,14 Sogn og Fjordane,0.0,0.0
2013-10,15 Møre og Romsdal,0.0,0.0
2013-10,16 Sør-Trøndelag,0.0,0.0
2013-10,17 Nord-Trøndelag,0.0,0.0
2013-10,18 Nordland,0.0,0.0
2013-10,19 Troms - Romsa,0.0,0.0
2013-10,20 Finnmark - Finnmárku,0.0,0.0
2013-10,21 Svalbard,0.0,0.0
2013-10,23 Kontinentalsokkelen,68647.7,113745.0
2013-10,24 Kildeskatt på pensjon,0.0,0.0
2013-11,01 Østfold,0.0,0.0
2013-11,02 Akershus,0.0,0.0
2013-11,03 Oslo,0.0,0.0
2013-11,04 Hedmark,0.0,0.0
2013-11,05 Oppland,0.0,0.0
2013-11,06 Buskerud,0.0,0.0
2013-11,07 Vestfold,0.0,0.0
2013-11,08 Telemark,0.0,0.0
2013-11,09 Aust-Agder,0.0,0.0
2013-11,10 Vest-Agder,0.0,0.0
2013-11,11 Rogaland,0.0,0.0
2013-11,12 Hordaland,0.0,0.0
2013-11,14 Sogn og Fjordane,0.0,0.0
2013-11,15 Møre og Romsdal,0.0,0.0
2013-11,16 Sør-Trøndelag,0.0,0.0
2013-11,17 Nord-Trøndelag,0.0,0.0
2013-11,18 Nordland,0.0,0.0
2013-11,19 Troms - Romsa,0.0,0.0
2013-11,20 Finnmark - Finnmárku,0.0,0.0
2013-11,21 Svalbard,0.0,0.0
2013-11,23 Kontinentalsokkelen,68994.1,114155.4
2013-11,24 Kildeskatt på pensjon,0.0,0.0
2013-12,01 Østfold,0.0,0.0
2013-12,02 Akershus,0.0,0.0
2013-12,03 Oslo,0.0,0.0
2013-12,04 Hedmark,0.0,0.0
2013-12,05 Oppland,0.0,0.0
2013-12,06 Buskerud,0.0,0.0
2013-12,07 Vestfold,0.0,0.0
2013-12,08 Telemark,0.0,0.0
2013-12,09 Aust-Agder,0.0,0.0
2013-12,10 Vest-Agder,0.0,0.0
2013-12,11 Rogaland,0.0,0.0
2013-12,12 Hordaland,0.0,0.0
2013-12,14 Sogn og Fjordane,0.0,0.0
2013-12,15 Møre og Romsdal,0.0,0.0
2013-12,16 Sør-Trøndelag,0.0,0.0
2013-12,17 Nord-Trøndelag,0.0,0.0
2013-12,18 Nordland,0.0,0.0
2013-12,19 Troms - Romsa,0.0,0.0
2013-12,20 Finnmark - Finnmárku,0.0,0.0
2013-12,21 Svalbard,0.0,0.0
2013-12,23 Kontinentalsokkelen,76118.1,125385.7
2013-12,24 Kildeskatt på pensjon,0.0,0.0
2014-01,01 Østfold,0.0,0.0
2014-01,02 Akershus,0.0,0.0
2014-01,03 Oslo,0.0,0.0
2014-01,04 Hedmark,0.0,0.0
2014-01,05 Oppland,0.0,0.0
2014-01,06 Buskerud,0.0,0.0
2014-01,07 Vestfold,0.0,0.0
2014-01,08 Telemark,0.0,0.0
2014-01,09 Aust-Agder,0.0,0.0
2014-01,10 Vest-Agder,0.0,0.0
2014-01,11 Rogaland,0.0,0.0
2014-01,12 Hordaland,0.0,0.0
2014-01,14 Sogn og Fjordane,0.0,0.0
2014-01,15 Møre og Romsdal,0.0,0.0
2014-01,16 Sør-Trøndelag,0.0,0.0
2014-01,17 Nord-Trøndelag,0.0,0.0
2014-01,18 Nordland,0.0,0.0
2014-01,19 Troms - Romsa,0.0,0.0
2014-01,20 Finnmark - Finnmárku,0.0,0.0
2014-01,21 Svalbard,0.0,0.0
2014-01,23 Kontinentalsokkelen,202.4,327.4
2014-01,24 Kildeskatt på pensjon,0.0,0.0
2014-02,01 Østfold,0.0,0.0
2014-02,02 Akershus,0.0,0.0
2014-02,03 Oslo,0.0,0.0
2014-02,04 Hedmark,0.0,0.0
2014-02,05 Oppland,0.0,0.0
2014-02,06 Buskerud,0.0,0.0
2014-02,07 Vestfold,0.0,0.0
2014-02,08 Telemark,0.0,0.0
2014-02,09 Aust-Agder,0.0,0.0
2014-02,10 Vest-Agder,0.0,0.0
2014-02,11 Rogaland,0.0,0.0
2014-02,12 Hordaland,0.0,0.0
2014-02,14 Sogn og Fjordane,0.0,0.0
2014-02,15 Møre og Romsdal,0.0,0.0
2014-02,16 Sør-Trøndelag,0.0,0.0
2014-02,17 Nord-Trøndelag,0.0,0.0
2014-02,18 Nordland,0.0,0.0
2014-02,19 Troms - Romsa,0.0,0.0
2014-02,20 Finnmark - Finnmárku,0.0,0.0
2014-02,21 Svalbard,0.0,0.0
2014-02,23 Kontinentalsokkelen,11891.6,19214.0
2014-02,24 Kildeskatt på pensjon,0.0,0.0
2014-03,01 Østfold,0.0,0.0
2014-03,02 Akershus,0.0,0.0
2014-03,03 Oslo,0.0,0.0
2014-03,04 Hedmark,0.0,0.0
2014-03,05 Oppland,0.0,0.0
2014-03,06 Buskerud,0.0,0.0
2014-03,07 Vestfold,0.0,0.0
2014-03,08 Telemark,0.0,0.0
2014-03,09 Aust-Agder,0.0,0.0
2014-03,10 Vest-Agder,0.0,0.0
2014-03,11 Rogaland,0.0,0.0
2014-03,12 Hordaland,0.0,0.0
2014-03,14 Sogn og Fjordane,0.0,0.0
2014-03,15 Møre og Romsdal,0.0,0.0
2014-03,16 Sør-Trøndelag,0.0,0.0
2014-03,17 Nord-Trøndelag,0.0,0.0
2014-03,18 Nordland,0.0,0.0
2014-03,19 Troms - Romsa,0.0,0.0
2014-03,20 Finnmark - Finnmárku,0.0,0.0
2014-03,21 Svalbard,0.0,0.0
2014-03,23 Kontinentalsokkelen,11812.1,19080.0
2014-03,24 Kildeskatt på pensjon,0.0,0.0
2014-04,01 Østfold,0.0,0.0
2014-04,02 Akershus,0.0,0.0
2014-04,03 Oslo,0.0,0.0
2014-04,04 Hedmark,0.0,0.0
2014-04,05 Oppland,0.0,0.0
2014-04,06 Buskerud,0.0,0.0
2014-04,07 Vestfold,0.0,0.0
2014-04,08 Telemark,0.0,0.0
2014-04,09 Aust-Agder,0.0,0.0
2014-04,10 Vest-Agder,0.0,0.0
2014-04,11 Rogaland,0.0,0.0
2014-04,12 Hordaland,0.0,0.0
2014-04,14 Sogn og Fjordane,0.0,0.0
2014-04,15 Møre og Romsdal,0.0,0.0
2014-04,16 Sør-Trøndelag,0.0,0.0
2014-04,17 Nord-Trøndelag,0.0,0.0
2014-04,18 Nordland,0.0,0.0
2014-04,19 Troms - Romsa,0.0,0.0
2014-04,20 Finnmark - Finnmárku,0.0,0.0
2014-04,21 Svalbard,0.0,0.0
2014-04,23 Kontinentalsokkelen,24237.8,39157.1
2014-04,24 Kildeskatt på pensjon,0.0,0.0
2014-05,01 Østfold,0.0,0.0
2014-05,02 Akershus,0.0,0.0
2014-05,03 Oslo,0.0,0.0
2014-05,04 Hedmark,0.0,0.0
2014-05,05 Oppland,0.0,0.0
2014-05,06 Buskerud,0.0,0.0
2014-05,07 Vestfold,0.0,0.0
2014-05,08 Telemark,0.0,0.0
2014-05,09 Aust-Agder,0.0,0.0
2014-05,10 Vest-Agder,0.0,0.0
2014-05,11 Rogaland,0.0,0.0
2014-05,12 Hordaland,0.0,0.0
2014-05,14 Sogn og Fjordane,0.0,0.0
2014-05,15 Møre og Romsdal,0.0,0.0
2014-05,16 Sør-Trøndelag,0.0,0.0
2014-05,17 Nord-Trøndelag,0.0,0.0
2014-05,18 Nordland,0.0,0.0
2014-05,19 Troms - Romsa,0.0,0.0
2014-05,20 Finnmark - Finnmárku,0.0,0.0
2014-05,21 Svalbard,0.0,0.0
2014-05,23 Kontinentalsokkelen,24682.2,39875.1
2014-05,24 Kildeskatt på pensjon,0.0,0.0
2014-06,01 Østfold,0.0,0.0
2014-06,02 Akershus,0.0,0.0
2014-06,03 Oslo,0.0,0.0
2014-06,04 Hedmark,0.0,0.0
2014-06,05 Oppland,0.0,0.0
2014-06,06 Buskerud,0.0,0.0
2014-06,07 Vestfold,0.0,0.0
2014-06,08 Telemark,0.0,0.0
2014-06,09 Aust-Agder,0.0,0.0
2014-06,10 Vest-Agder,0.0,0.0
2014-06,11 Rogaland,0.0,0.0
2014-06,12 Hordaland,0.0,0.0
2014-06,14 Sogn og Fjordane,0.0,0.0
2014-06,15 Møre og Romsdal,0.0,0.0
2014-06,16 Sør-Trøndelag,0.0,0.0
2014-06,17 Nord-Trøndelag,0.0,0.0
2014-06,18 Nordland,0.0,0.0
2014-06,19 Troms - Romsa,0.0,0.0
2014-06,20 Finnmark - Finnmárku,0.0,0.0
2014-06,21 Svalbard,0.0,0.0
2014-06,23 Kontinentalsokkelen,36136.3,58382.1
2014-06,24 Kildeskatt på pensjon,0.0,0.0
2014-07,01 Østfold,0.0,0.0
2014-07,02 Akershus,0.0,0.0
2014-07,03 Oslo,0.0,0.0
2014-07,04 Hedmark,0.0,0.0
2014-07,05 Oppland,0.0,0.0
2014-07,06 Buskerud,0.0,0.0
2014-07,07 Vestfold,0.0,0.0
2014-07,08 Telemark,0.0,0.0
2014-07,09 Aust-Agder,0.0,0.0
2014-07,10 Vest-Agder,0.0,0.0
2014-07,11 Rogaland,0.0,0.0
2014-07,12 Hordaland,0.0,0.0
2014-07,14 Sogn og Fjordane,0.0,0.0
2014-07,15 Møre og Romsdal,0.0,0.0
2014-07,16 Sør-Trøndelag,0.0,0.0
2014-07,17 Nord-Trøndelag,0.0,0.0
2014-07,18 Nordland,0.0,0.0
2014-07,19 Troms - Romsa,0.0,0.0
2014-07,20 Finnmark - Finnmárku,0.0,0.0
2014-07,21 Svalbard,0.0,0.0
2014-07,23 Kontinentalsokkelen,36174.8,58446.1
2014-07,24 Kildeskatt på pensjon,0.0,0.0
2014-08,01 Østfold,0.0,0.0
2014-08,02 Akershus,0.0,0.0
2014-08,03 Oslo,0.0,0.0
2014-08,04 Hedmark,0.0,0.0
2014-08,05 Oppland,0.0,0.0
2014-08,06 Buskerud,0.0,0.0
2014-08,07 Vestfold,0.0,0.0
2014-08,08 Telemark,0.0,0.0
2014-08,09 Aust-Agder,0.0,0.0
2014-08,10 Vest-Agder,0.0,0.0
2014-08,11 Rogaland,0.0,0.0
2014-08,12 Hordaland,0.0,0.0
2014-08,14 Sogn og Fjordane,0.0,0.0
2014-08,15 Møre og Romsdal,0.0,0.0
2014-08,16 Sør-Trøndelag,0.0,0.0
2014-08,17 Nord-Trøndelag,0.0,0.0
2014-08,18 Nordland,0.0,0.0
2014-08,19 Troms - Romsa,0.0,0.0
2014-08,20 Finnmark - Finnmárku,0.0,0.0
2014-08,21 Svalbard,0.0,0.0
2014-08,23 Kontinentalsokkelen,46502.1,75634.1
2014-08,24 Kildeskatt på pensjon,0.0,0.0
2014-09,01 Østfold,0.0,0.0
2014-09,02 Akershus,0.0,0.0
2014-09,03 Oslo,0.0,0.0
2014-09,04 Hedmark,0.0,0.0
2014-09,05 Oppland,0.0,0.0
2014-09,06 Buskerud,0.0,0.0
2014-09,07 Vestfold,0.0,0.0
2014-09,08 Telemark,0.0,0.0
2014-09,09 Aust-Agder,0.0,0.0
2014-09,10 Vest-Agder,0.0,0.0
2014-09,11 Rogaland,0.0,0.0
2014-09,12 Hordaland,0.0,0.0
2014-09,14 Sogn og Fjordane,0.0,0.0
2014-09,15 Møre og Romsdal,0.0,0.0
2014-09,16 Sør-Trøndelag,0.0,0.0
2014-09,17 Nord-Trøndelag,0.0,0.0
2014-09,18 Nordland,0.0,0.0
2014-09,19 Troms - Romsa,0.0,0.0
2014-09,20 Finnmark - Finnmárku,0.0,0.0
2014-09,21 Svalbard,0.0,0.0
2014-09,23 Kontinentalsokkelen,46540.5,75698.0
2014-09,24 Kildeskatt på pensjon,0.0,0.0
2014-10,01 Østfold,0.0,0.0
2014-10,02 Akershus,0.0,0.0
2014-10,03 Oslo,0.0,0.0
2014-10,04 Hedmark,0.0,0.0
2014-10,05 Oppland,0.0,0.0
2014-10,06 Buskerud,0.0,0.0
2014-10,07 Vestfold,0.0,0.0
2014-10,08 Telemark,0.0,0.0
2014-10,09 Aust-Agder,0.0,0.0
2014-10,10 Vest-Agder,0.0,0.0
2014-10,11 Rogaland,0.0,0.0
2014-10,12 Hordaland,0.0,0.0
2014-10,14 Sogn og Fjordane,0.0,0.0
2014-10,15 Møre og Romsdal,0.0,0.0
2014-10,16 Sør-Trøndelag,0.0,0.0
2014-10,17 Nord-Trøndelag,0.0,0.0
2014-10,18 Nordland,0.0,0.0
2014-10,19 Troms - Romsa,0.0,0.0
2014-10,20 Finnmark - Finnmárku,0.0,0.0
2014-10,21 Svalbard,0.0,0.0
2014-10,23 Kontinentalsokkelen,56979.1,93071.3
2014-10,24 Kildeskatt på pensjon,0.0,0.0
2014-11,01 Østfold,0.0,0.0
2014-11,02 Akershus,0.0,0.0
2014-11,03 Oslo,0.0,0.0
2014-11,04 Hedmark,0.0,0.0
2014-11,05 Oppland,0.0,0.0
2014-11,06 Buskerud,0.0,0.0
2014-11,07 Vestfold,0.0,0.0
2014-11,08 Telemark,0.0,0.0
2014-11,09 Aust-Agder,0.0,0.0
2014-11,10 Vest-Agder,0.0,0.0
2014-11,11 Rogaland,0.0,0.0
2014-11,12 Hordaland,0.0,0.0
2014-11,14 Sogn og Fjordane,0.0,0.0
2014-11,15 Møre og Romsdal,0.0,0.0
2014-11,16 Sør-Trøndelag,0.0,0.0
2014-11,17 Nord-Trøndelag,0.0,0.0
2014-11,18 Nordland,0.0,0.0
2014-11,19 Troms - Romsa,0.0,0.0
2014-11,20 Finnmark - Finnmárku,0.0,0.0
2014-11,21 Svalbard,0.0,0.0
2014-11,23 Kontinentalsokkelen,56788.2,93364.3
2014-11,24 Kildeskatt på pensjon,0.0,0.0
2014-12,01 Østfold,0.0,0.0
2014-12,02 Akershus,0.0,0.0
2014-12,03 Oslo,0.0,0.0
2014-12,04 Hedmark,0.0,0.0
2014-12,05 Oppland,0.0,0.0
2014-12,06 Buskerud,0.0,0.0
2014-12,07 Vestfold,0.0,0.0
2014-12,08 Telemark,0.0,0.0
2014-12,09 Aust-Agder,0.0,0.0
2014-12,10 Vest-Agder,0.0,0.0
2014-12,11 Rogaland,0.0,0.0
2014-12,12 Hordaland,0.0,0.0
2014-12,14 Sogn og Fjordane,0.0,0.0
2014-12,15 Møre og Romsdal,0.0,0.0
2014-12,16 Sør-Trøndelag,0.0,0.0
2014-12,17 Nord-Trøndelag,0.0,0.0
2014-12,18 Nordland,0.0,0.0
2014-12,19 Troms - Romsa,0.0,0.0
2014-12,20 Finnmark - Finnmárku,0.0,0.0
2014-12,21 Svalbard,0.0,0.0
2014-12,23 Kontinentalsokkelen,64212.4,105837.4
2014-12,24 Kildeskatt på pensjon,0.0,0.0
2015-01,01 Østfold,0.0,0.0
2015-01,02 Akershus,0.0,0.0
2015-01,03 Oslo,0.0,0.0
2015-01,04 Hedmark,0.0,0.0
2015-01,05 Oppland,0.0,0.0
2015-01,06 Buskerud,0.0,0.0
2015-01,07 Vestfold,0.0,0.0
2015-01,08 Telemark,0.0,0.0
2015-01,09 Aust-Agder,0.0,0.0
2015-01,10 Vest-Agder,0.0,0.0
2015-01,11 Rogaland,0.0,0.0
2015-01,12 Hordaland,0.0,0.0
2015-01,14 Sogn og Fjordane,0.0,0.0
2015-01,15 Møre og Romsdal,0.0,0.0
2015-01,16 Sør-Trøndelag,0.0,0.0
2015-01,17 Nord-Trøndelag,0.0,0.0
2015-01,18 Nordland,0.0,0.0
2015-01,19 Troms - Romsa,0.0,0.0
2015-01,20 Finnmark - Finnmárku,0.0,0.0
2015-01,21 Svalbard,0.0,0.0
2015-01,23 Kontinentalsokkelen,615.4,1024.2
2015-01,24 Kildeskatt på pensjon,0.0,0.0
2015-02,01 Østfold,0.0,0.0
2015-02,02 Akershus,0.0,0.0
2015-02,03 Oslo,0.0,0.0
2015-02,04 Hedmark,0.0,0.0
2015-02,05 Oppland,0.0,0.0
2015-02,06 Buskerud,0.0,0.0
2015-02,07 Vestfold,0.0,0.0
2015-02,08 Telemark,0.0,0.0
2015-02,09 Aust-Agder,0.0,0.0
2015-02,10 Vest-Agder,0.0,0.0
2015-02,11 Rogaland,0.0,0.0
2015-02,12 Hordaland,0.0,0.0
2015-02,14 Sogn og Fjordane,0.0,0.0
2015-02,15 Møre og Romsdal,0.0,0.0
2015-02,16 Sør-Trøndelag,0.0,0.0
2015-02,17 Nord-Trøndelag,0.0,0.0
2015-02,18 Nordland,0.0,0.0
2015-02,19 Troms - Romsa,0.0,0.0
2015-02,20 Finnmark - Finnmárku,0.0,0.0
2015-02,21 Svalbard,0.0,0.0
2015-02,23 Kontinentalsokkelen,8804.7,14653.4
2015-02,24 Kildeskatt på pensjon,0.0,0.0
2015-03,01 Østfold,0.0,0.0
2015-03,02 Akershus,0.0,0.0
2015-03,03 Oslo,0.0,0.0
2015-03,04 Hedmark,0.0,0.0
2015-03,05 Oppland,0.0,0.0
2015-03,06 Buskerud,0.0,0.0
2015-03,07 Vestfold,0.0,0.0
2015-03,08 Telemark,0.0,0.0
2015-03,09 Aust-Agder,0.0,0.0
2015-03,10 Vest-Agder,0.0,0.0
2015-03,11 Rogaland,0.0,0.0
2015-03,12 Hordaland,0.0,0.0
2015-03,14 Sogn og Fjordane,0.0,0.0
2015-03,15 Møre og Romsdal,0.0,0.0
2015-03,16 Sør-Trøndelag,0.0,0.0
2015-03,17 Nord-Trøndelag,0.0,0.0
2015-03,18 Nordland,0.0,0.0
2015-03,19 Troms - Romsa,0.0,0.0
2015-03,20 Finnmark - Finnmárku,0.0,0.0
2015-03,21 Svalbard,0.0,0.0
2015-03,23 Kontinentalsokkelen,8658.4,14428.1
2015-03,24 Kildeskatt på pensjon,0.0,0.0
2015-04,01 Østfold,0.0,0.0
2015-04,02 Akershus,0.0,0.0
2015-04,03 Oslo,0.0,0.0
2015-04,04 Hedmark,0.0,0.0
2015-04,05 Oppland,0.0,0.0
2015-04,06 Buskerud,0.0,0.0
2015-04,07 Vestfold,0.0,0.0
2015-04,08 Telemark,0.0,0.0
2015-04,09 Aust-Agder,0.0,0.0
2015-04,10 Vest-Agder,0.0,0.0
2015-04,11 Rogaland,0.0,0.0
2015-04,12 Hordaland,0.0,0.0
2015-04,14 Sogn og Fjordane,0.0,0.0
2015-04,15 Møre og Romsdal,0.0,0.0
2015-04,16 Sør-Trøndelag,0.0,0.0
2015-04,17 Nord-Trøndelag,0.0,0.0
2015-04,18 Nordland,0.0,0.0
2015-04,19 Troms - Romsa,0.0,0.0
2015-04,20 Finnmark - Finnmárku,0.0,0.0
2015-04,21 Svalbard,0.0,0.0
2015-04,23 Kontinentalsokkelen,17464.3,29083.6
2015-04,24 Kildeskatt på pensjon,0.0,0.0
2015-05,01 Østfold,0.0,0.0
2015-05,02 Akershus,0.0,0.0
2015-05,03 Oslo,0.0,0.0
2015-05,04 Hedmark,0.0,0.0
2015-05,05 Oppland,0.0,0.0
2015-05,06 Buskerud,0.0,0.0
2015-05,07 Vestfold,0.0,0.0
2015-05,08 Telemark,0.0,0.0
2015-05,09 Aust-Agder,0.0,0.0
2015-05,10 Vest-Agder,0.0,0.0
2015-05,11 Rogaland,0.0,0.0
2015-05,12 Hordaland,0.0,0.0
2015-05,14 Sogn og Fjordane,0.0,0.0
2015-05,15 Møre og Romsdal,0.0,0.0
2015-05,16 Sør-Trøndelag,0.0,0.0
2015-05,17 Nord-Trøndelag,0.0,0.0
2015-05,18 Nordland,0.0,0.0
2015-05,19 Troms - Romsa,0.0,0.0
2015-05,20 Finnmark - Finnmárku,0.0,0.0
2015-05,21 Svalbard,0.0,0.0
2015-05,23 Kontinentalsokkelen,17235.1,28710.4
2015-05,24 Kildeskatt på pensjon,0.0,0.0
2015-06,01 Østfold,0.0,0.0
2015-06,02 Akershus,0.0,0.0
2015-06,03 Oslo,0.0,0.0
2015-06,04 Hedmark,0.0,0.0
2015-06,05 Oppland,0.0,0.0
2015-06,06 Buskerud,0.0,0.0
2015-06,07 Vestfold,0.0,0.0
2015-06,08 Telemark,0.0,0.0
2015-06,09 Aust-Agder,0.0,0.0
2015-06,10 Vest-Agder,0.0,0.0
2015-06,11 Rogaland,0.0,0.0
2015-06,12 Hordaland,0.0,0.0
2015-06,14 Sogn og Fjordane,0.0,0.0
2015-06,15 Møre og Romsdal,0.0,0.0
2015-06,16 Sør-Trøndelag,0.0,0.0
2015-06,17 Nord-Trøndelag,0.0,0.0
2015-06,18 Nordland,0.0,0.0
2015-06,19 Troms - Romsa,0.0,0.0
2015-06,20 Finnmark - Finnmárku,0.0,0.0
2015-06,21 Svalbard,0.0,0.0
2015-06,23 Kontinentalsokkelen,26058.2,43394.8
2015-06,24 Kildeskatt på pensjon,0.0,0.0
2015-07,01 Østfold,0.0,0.0
2015-07,02 Akershus,0.0,0.0
2015-07,03 Oslo,0.0,0.0
2015-07,04 Hedmark,0.0,0.0
2015-07,05 Oppland,0.0,0.0
2015-07,06 Buskerud,0.0,0.0
2015-07,07 Vestfold,0.0,0.0
2015-07,08 Telemark,0.0,0.0
2015-07,09 Aust-Agder,0.0,0.0
2015-07,10 Vest-Agder,0.0,0.0
2015-07,11 Rogaland,0.0,0.0
2015-07,12 Hordaland,0.0,0.0
2015-07,14 Sogn og Fjordane,0.0,0.0
2015-07,15 Møre og Romsdal,0.0,0.0
2015-07,16 Sør-Trøndelag,0.0,0.0
2015-07,17 Nord-Trøndelag,0.0,0.0
2015-07,18 Nordland,0.0,0.0
2015-07,19 Troms - Romsa,0.0,0.0
2015-07,20 Finnmark - Finnmárku,0.0,0.0
2015-07,21 Svalbard,0.0,0.0
2015-07,23 Kontinentalsokkelen,26344.6,43842.1
2015-07,24 Kildeskatt på pensjon,0.0,0.0
2015-08,01 Østfold,0.0,0.0
2015-08,02 Akershus,0.0,0.0
2015-08,03 Oslo,0.0,0.0
2015-08,04 Hedmark,0.0,0.0
2015-08,05 Oppland,0.0,0.0
2015-08,06 Buskerud,0.0,0.0
2015-08,07 Vestfold,0.0,0.0
2015-08,08 Telemark,0.0,0.0
2015-08,09 Aust-Agder,0.0,0.0
2015-08,10 Vest-Agder,0.0,0.0
2015-08,11 Rogaland,0.0,0.0
2015-08,12 Hordaland,0.0,0.0
2015-08,14 Sogn og Fjordane,0.0,0.0
2015-08,15 Møre og Romsdal,0.0,0.0
2015-08,16 Sør-Trøndelag,0.0,0.0
2015-08,17 Nord-Trøndelag,0.0,0.0
2015-08,18 Nordland,0.0,0.0
2015-08,19 Troms - Romsa,0.0,0.0
2015-08,20 Finnmark - Finnmárku,0.0,0.0
2015-08,21 Svalbard,0.0,0.0
2015-08,23 Kontinentalsokkelen,32854.9,54016.8
2015-08,24 Kildeskatt på pensjon,0.0,0.0
2015-09,01 Østfold,0.0,0.0
2015-09,02 Akershus,0.0,0.0
2015-09,03 Oslo,0.0,0.0
2015-09,04 Hedmark,0.0,0.0
2015-09,05 Oppland,0.0,0.0
2015-09,06 Buskerud,0.0,0.0
2015-09,07 Vestfold,0.0,0.0
2015-09,08 Telemark,0.0,0.0
2015-09,09 Aust-Agder,0.0,0.0
2015-09,10 Vest-Agder,0.0,0.0
2015-09,11 Rogaland,0.0,0.0
2015-09,12 Hordaland,0.0,0.0
2015-09,14 Sogn og Fjordane,0.0,0.0
2015-09,15 Møre og Romsdal,0.0,0.0
2015-09,16 Sør-Trøndelag,0.0,0.0
2015-09,17 Nord-Trøndelag,0.0,0.0
2015-09,18 Nordland,0.0,0.0
2015-09,19 Troms - Romsa,0.0,0.0
2015-09,20 Finnmark - Finnmárku,0.0,0.0
2015-09,21 Svalbard,0.0,0.0
2015-09,23 Kontinentalsokkelen,32854.9,54016.8
2015-09,24 Kildeskatt på pensjon,0.0,0.0
2015-10,01 Østfold,0.0,0.0
2015-10,02 Akershus,0.0,0.0
2015-10,03 Oslo,0.0,0.0
2015-10,04 Hedmark,0.0,0.0
2015-10,05 Oppland,0.0,0.0
2015-10,06 Buskerud,0.0,0.0
2015-10,07 Vestfold,0.0,0.0
2015-10,08 Telemark,0.0,0.0
2015-10,09 Aust-Agder,0.0,0.0
2015-10,10 Vest-Agder,0.0,0.0
2015-10,11 Rogaland,0.0,0.0
2015-10,12 Hordaland,0.0,0.0
2015-10,14 Sogn og Fjordane,0.0,0.0
2015-10,15 Møre og Romsdal,0.0,0.0
2015-10,16 Sør-Trøndelag,0.0,0.0
2015-10,17 Nord-Trøndelag,0.0,0.0
2015-10,18 Nordland,0.0,0.0
2015-10,19 Troms - Romsa,0.0,0.0
2015-10,20 Finnmark - Finnmárku,0.0,0.0
2015-10,21 Svalbard,0.0,0.0
2015-10,23 Kontinentalsokkelen,39711.1,64732.5
2015-10,24 Kildeskatt på pensjon,0.0,0.0
2015-11,01 Østfold,0.0,0.0
2015-11,02 Akershus,0.0,0.0
2015-11,03 Oslo,0.0,0.0
2015-11,04 Hedmark,0.0,0.0
2015-11,05 Oppland,0.0,0.0
2015-11,06 Buskerud,0.0,0.0
2015-11,07 Vestfold,0.0,0.0
2015-11,08 Telemark,0.0,0.0
2015-11,09 Aust-Agder,0.0,0.0
2015-11,10 Vest-Agder,0.0,0.0
2015-11,11 Rogaland,0.0,0.0
2015-11,12 Hordaland,0.0,0.0
2015-11,14 Sogn og Fjordane,0.0,0.0
2015-11,15 Møre og Romsdal,0.0,0.0
2015-11,16 Sør-Trøndelag,0.0,0.0
2015-11,17 Nord-Trøndelag,0.0,0.0
2015-11,18 Nordland,0.0,0.0
2015-11,19 Troms - Romsa,0.0,0.0
2015-11,20 Finnmark - Finnmárku,0.0,0.0
2015-11,21 Svalbard,0.0,0.0
2015-11,23 Kontinentalsokkelen,39711.1,64732.5
2015-11,24 Kildeskatt på pensjon,0.0,0.0
2015-12,01 Østfold,0.0,0.0
2015-12,02 Akershus,0.0,0.0
2015-12,03 Oslo,0.0,0.0
2015-12,04 Hedmark,0.0,0.0
2015-12,05 Oppland,0.0,0.0
2015-12,06 Buskerud,0.0,0.0
2015-12,07 Vestfold,0.0,0.0
2015-12,08 Telemark,0.0,0.0
2015-12,09 Aust-Agder,0.0,0.0
2015-12,10 Vest-Agder,0.0,0.0
2015-12,11 Rogaland,0.0,0.0
2015-12,12 Hordaland,0.0,0.0
2015-12,14 Sogn og Fjordane,0.0,0.0
2015-12,15 Møre og Romsdal,0.0,0.0
2015-12,16 Sør-Trøndelag,0.0,0.0
2015-12,17 Nord-Trøndelag,0.0,0.0
2015-12,18 Nordland,0.0,0.0
2015-12,19 Troms - Romsa,0.0,0.0
2015-12,20 Finnmark - Finnmárku,0.0,0.0
2015-12,21 Svalbard,0.0,0.0
2015-12,23 Kontinentalsokkelen,39476.7,64195.8
2015-12,24 Kildeskatt på pensjon,0.0,0.0
2016-01,01 Østfold,0.0,0.0
2016-01,02 Akershus,0.0,0.0
2016-01,03 Oslo,0.0,0.0
2016-01,04 Hedmark,0.0,0.0
2016-01,05 Oppland,0.0,0.0
2016-01,06 Buskerud,0.0,0.0
2016-01,07 Vestfold,0.0,0.0
2016-01,08 Telemark,0.0,0.0
2016-01,09 Aust-Agder,0.0,0.0
2016-01,10 Vest-Agder,0.0,0.0
2016-01,11 Rogaland,0.0,0.0
2016-01,12 Hordaland,0.0,0.0
2016-01,14 Sogn og Fjordane,0.0,0.0
2016-01,15 Møre og Romsdal,0.0,0.0
2016-01,16 Sør-Trøndelag,0.0,0.0
2016-01,17 Nord-Trøndelag,0.0,0.0
2016-01,18 Nordland,0.0,0.0
2016-01,19 Troms - Romsa,0.0,0.0
2016-01,20 Finnmark - Finnmárku,0.0,0.0
2016-01,21 Svalbard,0.0,0.0
2016-01,23 Kontinentalsokkelen,-4.1,-6.3
2016-01,24 Kildeskatt på pensjon,0.0,0.0
2016-02,01 Østfold,0.0,0.0
2016-02,02 Akershus,0.0,0.0
2016-02,03 Oslo,0.0,0.0
2016-02,04 Hedmark,0.0,0.0
2016-02,05 Oppland,0.0,0.0
2016-02,06 Buskerud,0.0,0.0
2016-02,07 Vestfold,0.0,0.0
2016-02,08 Telemark,0.0,0.0
2016-02,09 Aust-Agder,0.0,0.0
2016-02,10 Vest-Agder,0.0,0.0
2016-02,11 Rogaland,0.0,0.0
2016-02,12 Hordaland,0.0,0.0
2016-02,14 Sogn og Fjordane,0.0,0.0
2016-02,15 Møre og Romsdal,0.0,0.0
2016-02,16 Sør-Trøndelag,0.0,0.0
2016-02,17 Nord-Trøndelag,0.0,0.0
2016-02,18 Nordland,0.0,0.0
2016-02,19 Troms - Romsa,0.0,0.0
2016-02,20 Finnmark - Finnmárku,0.0,0.0
2016-02,21 Svalbard,0.0,0.0
2016-02,23 Kontinentalsokkelen,4429.7,6922.9
2016-02,24 Kildeskatt på pensjon,0.0,0.0
2016-03,01 Østfold,0.0,0.0
2016-03,02 Akershus,0.0,0.0
2016-03,03 Oslo,0.0,0.0
2016-03,04 Hedmark,0.0,0.0
2016-03,05 Oppland,0.0,0.0
2016-03,06 Buskerud,0.0,0.0
2016-03,07 Vestfold,0.0,0.0
2016-03,08 Telemark,0.0,0.0
2016-03,09 Aust-Agder,0.0,0.0
2016-03,10 Vest-Agder,0.0,0.0
2016-03,11 Rogaland,0.0,0.0
2016-03,12 Hordaland,0.0,0.0
2016-03,14 Sogn og Fjordane,0.0,0.0
2016-03,15 Møre og Romsdal,0.0,0.0
2016-03,16 Sør-Trøndelag,0.0,0.0
2016-03,17 Nord-Trøndelag,0.0,0.0
2016-03,18 Nordland,0.0,0.0
2016-03,19 Troms - Romsa,0.0,0.0
2016-03,20 Finnmark - Finnmárku,0.0,0.0
2016-03,21 Svalbard,0.0,0.0
2016-03,23 Kontinentalsokkelen,4406.4,6880.3
2016-03,24 Kildeskatt på pensjon,0.0,0.0
2016-04,01 Østfold,0.0,0.0
2016-04,02 Akershus,0.0,0.0
2016-04,03 Oslo,0.0,0.0
2016-04,04 Hedmark,0.0,0.0
2016-04,05 Oppland,0.0,0.0
2016-04,06 Buskerud,0.0,0.0
2016-04,07 Vestfold,0.0,0.0
2016-04,08 Telemark,0.0,0.0
2016-04,09 Aust-Agder,0.0,0.0
2016-04,10 Vest-Agder,0.0,0.0
2016-04,11 Rogaland,0.0,0.0
2016-04,12 Hordaland,0.0,0.0
2016-04,14 Sogn og Fjordane,0.0,0.0
2016-04,15 Møre og Romsdal,0.0,0.0
2016-04,16 Sør-Trøndelag,0.0,0.0
2016-04,17 Nord-Trøndelag,0.0,0.0
2016-04,18 Nordland,0.0,0.0
2016-04,19 Troms - Romsa,0.0,0.0
2016-04,20 Finnmark - Finnmárku,0.0,0.0
2016-04,21 Svalbard,0.0,0.0
2016-04,23 Kontinentalsokkelen,8806.6,13757.2
2016-04,24 Kildeskatt på pensjon,0.0,0.0
2016-05,01 Østfold,0.0,0.0
2016-05,02 Akershus,0.0,0.0
2016-05,03 Oslo,0.0,0.0
2016-05,04 Hedmark,0.0,0.0
2016-05,05 Oppland,0.0,0.0
2016-05,06 Buskerud,0.0,0.0
2016-05,07 Vestfold,0.0,0.0
2016-05,08 Telemark,0.0,0.0
2016-05,09 Aust-Agder,0.0,0.0
2016-05,10 Vest-Agder,0.0,0.0
2016-05,11 Rogaland,0.0,0.0
2016-05,12 Hordaland,0.0,0.0
2016-05,14 Sogn og Fjordane,0.0,0.0
2016-05,15 Møre og Romsdal,0.0,0.0
2016-05,16 Sør-Trøndelag,0.0,0.0
2016-05,17 Nord-Trøndelag,0.0,0.0
2016-05,18 Nordland,0.0,0.0
2016-05,19 Troms - Romsa,0.0,0.0
2016-05,20 Finnmark - Finnmárku,0.0,0.0
2016-05,21 Svalbard,0.0,0.0
2016-05,23 Kontinentalsokkelen,8819.1,13777.8
2016-05,24 Kildeskatt på pensjon,0.0,0.0
2016-06,01 Østfold,0.0,0.0
2016-06,02 Akershus,0.0,0.0
2016-06,03 Oslo,0.0,0.0
2016-06,04 Hedmark,0.0,0.0
2016-06,05 Oppland,0.0,0.0
2016-06,06 Buskerud,0.0,0.0
2016-06,07 Vestfold,0.0,0.0
2016-06,08 Telemark,0.0,0.0
2016-06,09 Aust-Agder,0.0,0.0
2016-06,10 Vest-Agder,0.0,0.0
2016-06,11 Rogaland,0.0,0.0
2016-06,12 Hordaland,0.0,0.0
2016-06,14 Sogn og Fjordane,0.0,0.0
2016-06,15 Møre og Romsdal,0.0,0.0
2016-06,16 Sør-Trøndelag,0.0,0.0
2016-06,17 Nord-Trøndelag,0.0,0.0
2016-06,18 Nordland,0.0,0.0
2016-06,19 Troms - Romsa,0.0,0.0
2016-06,20 Finnmark - Finnmárku,0.0,0.0
2016-06,21 Svalbard,0.0,0.0
2016-06,23 Kontinentalsokkelen,13296.8,20782.7
2016-06,24 Kildeskatt på pensjon,0.0,0.0
2016-07,01 Østfold,0.0,0.0
2016-07,02 Akershus,0.0,0.0
2016-07,03 Oslo,0.0,0.0
2016-07,04 Hedmark,0.0,0.0
2016-07,05 Oppland,0.0,0.0
2016-07,06 Buskerud,0.0,0.0
2016-07,07 Vestfold,0.0,0.0
2016-07,08 Telemark,0.0,0.0
2016-07,09 Aust-Agder,0.0,0.0
2016-07,10 Vest-Agder,0.0,0.0
2016-07,11 Rogaland,0.0,0.0
2016-07,12 Hordaland,0.0,0.0
2016-07,14 Sogn og Fjordane,0.0,0.0
2016-07,15 Møre og Romsdal,0.0,0.0
2016-07,16 Sør-Trøndelag,0.0,0.0
2016-07,17 Nord-Trøndelag,0.0,0.0
2016-07,18 Nordland,0.0,0.0
2016-07,19 Troms - Romsa,0.0,0.0
2016-07,20 Finnmark - Finnmárku,0.0,0.0
2016-07,21 Svalbard,0.0,0.0
2016-07,23 Kontinentalsokkelen,13058.1,20394.3
2016-07,24 Kildeskatt på pensjon,0.0,0.0
2016-08,01 Østfold,0.0,0.0
2016-08,02 Akershus,0.0,0.0
2016-08,03 Oslo,0.0,0.0
2016-08,04 Hedmark,0.0,0.0
2016-08,05 Oppland,0.0,0.0
2016-08,06 Buskerud,0.0,0.0
2016-08,07 Vestfold,0.0,0.0
2016-08,08 Telemark,0.0,0.0
2016-08,09 Aust-Agder,0.0,0.0
2016-08,10 Vest-Agder,0.0,0.0
2016-08,11 Rogaland,0.0,0.0
2016-08,12 Hordaland,0.0,0.0
2016-08,14 Sogn og Fjordane,0.0,0.0
2016-08,15 Møre og Romsdal,0.0,0.0
2016-08,16 Sør-Trøndelag,0.0,0.0
2016-08,17 Nord-Trøndelag,0.0,0.0
2016-08,18 Nordland,0.0,0.0
2016-08,19 Troms - Romsa,0.0,0.0
2016-08,20 Finnmark - Finnmárku,0.0,0.0
2016-08,21 Svalbard,0.0,0.0
2016-08,23 Kontinentalsokkelen,16331.7,25715.2
2016-08,24 Kildeskatt på pensjon,0.0,0.0
2016-09,01 Østfold,0.0,0.0
2016-09,02 Akershus,0.0,0.0
2016-09,03 Oslo,0.0,0.0
2016-09,04 Hedmark,0.0,0.0
2016-09,05 Oppland,0.0,0.0
2016-09,06 Buskerud,0.0,0.0
2016-09,07 Vestfold,0.0,0.0
2016-09,08 Telemark,0.0,0.0
2016-09,09 Aust-Agder,0.0,0.0
2016-09,10 Vest-Agder,0.0,0.0
2016-09,11 Rogaland,0.0,0.0
2016-09,12 Hordaland,0.0,0.0
2016-09,14 Sogn og Fjordane,0.0,0.0
2016-09,15 Møre og Romsdal,0.0,0.0
2016-09,16 Sør-Trøndelag,0.0,0.0
2016-09,17 Nord-Trøndelag,0.0,0.0
2016-09,18 Nordland,0.0,0.0
2016-09,19 Troms - Romsa,0.0,0.0
2016-09,20 Finnmark - Finnmárku,0.0,0.0
2016-09,21 Svalbard,0.0,0.0
2016-09,23 Kontinentalsokkelen,16610.5,26169.1
2016-09,24 Kildeskatt på pensjon,0.0,0.0
2016-10,01 Østfold,0.0,0.0
2016-10,02 Akershus,0.0,0.0
2016-10,03 Oslo,0.0,0.0
2016-10,04 Hedmark,0.0,0.0
2016-10,05 Oppland,0.0,0.0
2016-10,06 Buskerud,0.0,0.0
2016-10,07 Vestfold,0.0,0.0
2016-10,08 Telemark,0.0,0.0
2016-10,09 Aust-Agder,0.0,0.0
2016-10,10 Vest-Agder,0.0,0.0
2016-10,11 Rogaland,0.0,0.0
2016-10,12 Hordaland,0.0,0.0
2016-10,14 Sogn og Fjordane,0.0,0.0
2016-10,15 Møre og Romsdal,0.0,0.0
2016-10,16 Sør-Trøndelag,0.0,0.0
2016-10,17 Nord-Trøndelag,0.0,0.0
2016-10,18 Nordland,0.0,0.0
2016-10,19 Troms - Romsa,0.0,0.0
2016-10,20 Finnmark - Finnmárku,0.0,0.0
2016-10,21 Svalbard,0.0,0.0
2016-10,23 Kontinentalsokkelen,19862.1,30823.7
2016-10,24 Kildeskatt på pensjon,0.0,0.0
2016-11,01 Østfold,0.0,0.0
2016-11,02 Akershus,0.0,0.0
2016-11,03 Oslo,0.0,0.0
2016-11,04 Hedmark,0.0,0.0
2016-11,05 Oppland,0.0,0.0
2016-11,06 Buskerud,0.0,0.0
2016-11,07 Vestfold,0.0,0.0
2016-11,08 Telemark,0.0,0.0
2016-11,09 Aust-Agder,0.0,0.0
2016-11,10 Vest-Agder,0.0,0.0
2016-11,11 Rogaland,0.0,0.0
2016-11,12 Hordaland,0.0,0.0
2016-11,14 Sogn og Fjordane,0.0,0.0
2016-11,15 Møre og Romsdal,0.0,0.0
2016-11,16 Sør-Trøndelag,0.0,0.0
2016-11,17 Nord-Trøndelag,0.0,0.0
2016-11,18 Nordland,0.0,0.0
2016-11,19 Troms - Romsa,0.0,0.0
2016-11,20 Finnmark - Finnmárku,0.0,0.0
2016-11,21 Svalbard,0.0,0.0
2016-11,23 Kontinentalsokkelen,13074.4,20235.0
2016-11,24 Kildeskatt på pensjon,0.0,0.0
2016-12,01 Østfold,0.0,0.0
2016-12,02 Akershus,0.0,0.0
2016-12,03 Oslo,0.0,0.0
2016-12,04 Hedmark,0.0,0.0
2016-12,05 Oppland,0.0,0.0
2016-12,06 Buskerud,0.0,0.0
2016-12,07 Vestfold,0.0,0.0
2016-12,08 Telemark,0.0,0.0
2016-12,09 Aust-Agder,0.0,0.0
2016-12,10 Vest-Agder,0.0,0.0
2016-12,11 Rogaland,0.0,0.0
2016-12,12 Hordaland,0.0,0.0
2016-12,14 Sogn og Fjordane,0.0,0.0
2016-12,15 Møre og Romsdal,0.0,0.0
2016-12,16 Sør-Trøndelag,0.0,0.0
2016-12,17 Nord-Trøndelag,0.0,0.0
2016-12,18 Nordland,0.0,0.0
2016-12,19 Troms - Romsa,0.0,0.0
2016-12,20 Finnmark - Finnmárku,0.0,0.0
2016-12,21 Svalbard,0.0,0.0
2016-12,23 Kontinentalsokkelen,16034.2,25058.5
2016-12,24 Kildeskatt på pensjon,0.0,0.0
2017-01,01 Østfold,0.0,0.0
2017-01,02 Akershus,0.0,0.0
2017-01,03 Oslo,0.0,0.0
2017-01,04 Hedmark,0.0,0.0
2017-01,05 Oppland,0.0,0.0
2017-01,06 Buskerud,0.0,0.0
2017-01,07 Vestfold,0.0,0.0
2017-01,08 Telemark,0.0,0.0
2017-01,09 Aust-Agder,0.0,0.0
2017-01,10 Vest-Agder,0.0,0.0
2017-01,11 Rogaland,0.0,0.0
2017-01,12 Hordaland,0.0,0.0
2017-01,14 Sogn og Fjordane,0.0,0.0
2017-01,15 Møre og Romsdal,0.0,0.0
2017-01,16 Sør-Trøndelag,0.0,0.0
2017-01,17 Nord-Trøndelag,0.0,0.0
2017-01,18 Nordland,0.0,0.0
2017-01,19 Troms - Romsa,0.0,0.0
2017-01,20 Finnmark - Finnmárku,0.0,0.0
2017-01,21 Svalbard,0.0,0.0
2017-01,23 Kontinentalsokkelen,0.0,0.0
2017-01,24 Kildeskatt på pensjon,0.0,0.0
2017-02,01 Østfold,0.0,0.0
2017-02,02 Akershus,0.0,0.0
2017-02,03 Oslo,0.0,0.0
2017-02,04 Hedmark,0.0,0.0
2017-02,05 Oppland,0.0,0.0
2017-02,06 Buskerud,0.0,0.0
2017-02,07 Vestfold,0.0,0.0
2017-02,08 Telemark,0.0,0.0
2017-02,09 Aust-Agder,0.0,0.0
2017-02,10 Vest-Agder,0.0,0.0
2017-02,11 Rogaland,0.0,0.0
2017-02,12 Hordaland,0.0,0.0
2017-02,14 Sogn og Fjordane,0.0,0.0
2017-02,15 Møre og Romsdal,0.0,0.0
2017-02,16 Sør-Trøndelag,0.0,0.0
2017-02,17 Nord-Trøndelag,0.0,0.0
2017-02,18 Nordland,0.0,0.0
2017-02,19 Troms - Romsa,0.0,0.0
2017-02,20 Finnmark - Finnmárku,0.0,0.0
2017-02,21 Svalbard,0.0,0.0
2017-02,23 Kontinentalsokkelen,3188.0,5181.4
2017-02,24 Kildeskatt på pensjon,0.0,0.0
2017-03,01 Østfold,0.0,0.0
2017-03,02 Akershus,0.0,0.0
2017-03,03 Oslo,0.0,0.0
2017-03,04 Hedmark,0.0,0.0
2017-03,05 Oppland,0.0,0.0
2017-03,06 Buskerud,0.0,0.0
2017-03,07 Vestfold,0.0,0.0
2017-03,08 Telemark,0.0,0.0
2017-03,09 Aust-Agder,0.0,0.0
2017-03,10 Vest-Agder,0.0,0.0
2017-03,11 Rogaland,0.0,0.0
2017-03,12 Hordaland,0.0,0.0
2017-03,14 Sogn og Fjordane,0.0,0.0
2017-03,15 Møre og Romsdal,0.0,0.0
2017-03,16 Sør-Trøndelag,0.0,0.0
2017-03,17 Nord-Trøndelag,0.0,0.0
2017-03,18 Nordland,0.0,0.0
2017-03,19 Troms - Romsa,0.0,0.0
2017-03,20 Finnmark - Finnmárku,0.0,0.0
2017-03,21 Svalbard,0.0,0.0
2017-03,23 Kontinentalsokkelen,3505.1,5696.7
2017-03,24 Kildeskatt på pensjon,0.0,0.0
