unit,tra_meas,airp_pr,2016,2015,2014,2013,2012,2011,2010,2009,2008,2007,2006,2005,2004,2003,2002,2001,2000,1999
PAS,PAS_CRD,NO_ENAL_DK_EKCH,:,:,26089,25928,30117,24884,32435,21422,:,:,:,:,:,:,:,:,:,:
PAS,PAS_CRD,NO_ENAL_ES_GCLP,:,20519,24232,23429,:,:,:,:,:,:,:,:,:,:,:,:,:,:
PAS,PAS_CRD,NO_ENAL_ES_LEAL,23081,:,:,:,:,:,:,:,:,:,:,:,:,:,:,:,:,:
PAS,PAS_CRD,NO_ENAL_LT_EYVI,25864,29680,:,:,:,:,:,:,:,:,:,:,:,:,:,:,:,:
PAS,PAS_CRD,NO_ENAL_NL_EHAM,83887,93143,86663,56382,:,:,:,:,:,:,:,:,:,:,:,:,:,:
PAS,PAS_CRD,NO_ENAL_NO_ENBR,128992,134003,134174,141796,146883,130465,121938,121122,127627,131552,118169,94831,107474,111193,110367,:,:,:
PAS,PAS_CRD,NO_ENAL_NO_ENGM,605694,589559,591205,599215,605090,585156,518714,482398,474894,468936,425822,364700,418583,380875,386224,:,:,:
PAS,PAS_CRD,NO_ENAL_NO_ENVA,48780,50183,61392,66081,80032,69585,64072,57052,75232,80577,81248,68475,78789,79857,74106,:,:,:
PAS,PAS_CRD,NO_ENAL_NO_ENZV,:,:,:,:,:,:,:,:,28610,31282,51857,39860,44092,47485,44826,:,:,:
PAS,PAS_CRD,NO_ENAL_PL_EPGD,65693,66817,58170,36187,:,:,:,:,:,:,:,:,:,:,:,:,:,:
PAS,PAS_CRD,NO_ENAL_TR_LTAI,:,:,:,21033,:,:,:,:,:,:,:,:,:,:,:,:,:,:
PAS,PAS_CRD,NO_ENAL_UK_EGKK,:,23525,25505,23598,22424,:,:,:,:,:,:,:,:,:,:,:,:,:
PAS,PAS_CRD,NO_ENAT_NO_ENGM,169871,204852,196275,174681,162925,174042,190010,178958,227129,243418,242623,174099,178405,141629,113413,:,:,:
PAS,PAS_CRD,NO_ENAT_NO_ENSO,:,:,:,:,:,:,:,:,:,:,18602,18844,:,:,:,:,:,:
PAS,PAS_CRD,NO_ENAT_NO_ENTC,160567,139065,129511,135458,139149,132400,96722,104054,93668,96055,97672,84701,94929,102898,122682,:,:,:
PAS,PAS_CRD,NO_ENAT_NO_ENVD,:,15883,15870,:,17551,17756,17879,20944,21513,23141,18962,15998,16924,17407,16706,:,:,:
PAS,PAS_CRD,NO_ENBL_NO_ENBR,:,:,:,:,:,:,:,:,12431,12163,:,:,:,:,:,:,:,:
PAS,PAS_CRD,NO_ENBL_NO_ENGM,:,:,:,:,:,:,:,:,65563,62769,:,:,:,:,:,:,:,:
PAS,PAS_CRD,NO_ENBN_NO_ENBO,:,:,:,:,:,:,:,:,21473,23103,19893,18157,18973,19546,19671,:,:,:
PAS,PAS_CRD,NO_ENBN_NO_ENGM,13748,17448,:,:,:,:,:,:,:,:,:,:,:,:,:,:,:,:
PAS,PAS_CRD,NO_ENBN_NO_ENST,19220,18236,:,:,:,:,:,:,17016,16807,16373,13276,14865,17995,15615,:,:,:
PAS,PAS_CRD,NO_ENBN_NO_ENVA,55425,50020,:,:,:,:,:,:,63413,62778,56973,45758,47217,47154,42716,:,:,:
PAS,PAS_CRD,NO_ENBO_NO_ENAN,:,:,:,:,:,:,:,:,21061,:,:,:,20784,:,:,:,:,:
PAS,PAS_CRD,NO_ENBO_NO_ENBN,:,:,:,:,:,:,:,:,21473,23103,:,:,:,:,:,:,:,:
PAS,PAS_CRD,NO_ENBO_NO_ENBR,33318,36214,33183,26224,:,:,:,:,:,:,:,:,:,:,:,:,:,:
PAS,PAS_CRD,NO_ENBO_NO_ENEV,31705,30062,28958,31067,31530,32453,30403,32208,25954,30649,37391,37552,44512,48100,29450,:,:,:
PAS,PAS_CRD,NO_ENBO_NO_ENGM,808837,756428,753226,739795,721357,705202,640713,604176,627002,638414,584564,449998,489759,458501,445788,:,:,:
PAS,PAS_CRD,NO_ENBO_NO_ENLK,105974,97929,98584,106303,96319,92576,88600,88200,84236,86680,82988,65488,76286,74448,77835,:,:,:
PAS,PAS_CRD,NO_ENBO_NO_ENNK,25754,26034,27147,29103,32158,30918,31899,33049,30865,31572,23158,:,:,20956,33098,:,:,:
PAS,PAS_CRD,NO_ENBO_NO_ENRA,64826,62865,63117,58977,60719,61243,59269,55650,43587,44550,40706,33193,34922,37228,38222,:,:,:
PAS,PAS_CRD,NO_ENBO_NO_ENRY,:,:,:,:,:,:,33861,39674,:,:,:,:,:,:,:,:,:,:
PAS,PAS_CRD,NO_ENBO_NO_ENSH,78579,76231,72433,62005,74907,74862,68936,70514,67405,74821,65582,54583,63189,62700,65690,:,:,:
PAS,PAS_CRD,NO_ENBO_NO_ENSK,81766,81925,82178,85805,90707,90198,86067,88342,81383,79313,77322,63114,73112,75152,77626,:,:,:
PAS,PAS_CRD,NO_ENBO_NO_ENST,53547,51294,48150,51542,50774,49166,49397,48463,36273,36773,32327,27537,29713,31922,33151,:,:,:
PAS,PAS_CRD,NO_ENBO_NO_ENTC,138426,139007,137885,135039,152396,146908,140460,154050,222231,210355,202315,170623,187880,186154,186041,:,:,:
PAS,PAS_CRD,NO_ENBO_NO_ENVA,151497,145771,141487,141456,160332,157735,143536,161120,233366,227655,223223,184173,216777,219294,219227,:,:,:
PAS,PAS_CRD,NO_ENBR_DE_EDDF,:,:,:,142744,103026,122428,82163,66868,:,:,:,:,:,:,:,:,:,:
PAS,PAS_CRD,NO_ENBR_DK_EKCH,483949,465601,416766,365299,380074,363818,328579,292680,326380,293150,290556,227854,313404,299890,321947,:,:,:
PAS,PAS_CRD,NO_ENBR_ES_GCLP,:,:,82744,100379,:,:,52485,49678,45680,:,:,41882,:,:,:,:,:,:
PAS,PAS_CRD,NO_ENBR_ES_LEAL,77378,:,:,:,:,:,:,:,:,:,:,:,:,:,:,:,:,:
PAS,PAS_CRD,NO_ENBR_NL_EHAM,312305,311803,289739,258506,282920,246890,229895,262449,253569,231226,206389,163024,166945,142888,161975,:,:,:
PAS,PAS_CRD,NO_ENBR_NO_ENAL,124771,128375,122978,129002,139259,118757,110890,113968,127627,131552,118169,94831,107474,111193,110367,:,:,:
PAS,PAS_CRD,NO_ENBR_NO_ENCN,137354,156211,163258,188696,185670,148916,129369,130005,131302,130280,124236,94978,106664,110886,113594,:,:,:
PAS,PAS_CRD,NO_ENBR_NO_ENFL,:,:,:,:,:,:,60427,56812,46672,48617,44228,41200,42481,44592,52706,:,:,:
PAS,PAS_CRD,NO_ENBR_NO_ENGM,1881933,1810278,1818852,1720796,1728198,1691299,1512714,1521933,1585465,1637429,1494195,1239568,1286934,1293282,1258696,:,:,:
PAS,PAS_CRD,NO_ENBR_NO_ENHD,:,:,:,:,:,:,:,:,:,:,40388,:,47871,51238,56160,:,:,:
PAS,PAS_CRD,NO_ENBR_NO_ENKB,:,:,:,78299,79407,:,68771,73825,74012,72761,64433,51920,52400,54060,58367,:,:,:
PAS,PAS_CRD,NO_ENBR_NO_ENML,:,:,:,:,:,:,55457,61649,61300,67125,69773,47874,49766,50437,51594,:,:,:
PAS,PAS_CRD,NO_ENBR_NO_ENRY,:,:,:,:,:,79461,94417,97638,84268,:,:,:,:,:,:,:,:,:
PAS,PAS_CRD,NO_ENBR_NO_ENTO,155741,210242,272465,261021,237882,139725,130670,133857,122983,126957,122605,113095,132665,135746,129286,:,:,:
PAS,PAS_CRD,NO_ENBR_NO_ENVA,348137,346644,354246,369144,349550,350267,303415,304445,389499,391485,361489,295023,325600,289916,274514,:,:,:
PAS,PAS_CRD,NO_ENBR_NO_ENZV,488614,511928,543096,565894,557749,564162,503304,512603,609122,602908,584292,428478,497960,511241,522062,:,:,:
PAS,PAS_CRD,NO_ENBR_PL_EPGD,77547,95573,81911,:,:,:,:,:,:,:,:,:,:,:,:,:,:,:
PAS,PAS_CRD,NO_ENBR_SE_ESSA,135419,135853,123579,117577,91869,92784,75854,:,52574,:,:,:,:,:,:,:,:,:
PAS,PAS_CRD,NO_ENBR_TR_LTAI,:,:,:,:,:,:,48585,:,:,:,:,:,:,:,:,:,:,:
PAS,PAS_CRD,NO_ENBR_UK_EGKK,184676,179522,180818,194342,146501,166615,169057,115392,55623,:,:,:,54822,51146,55633,:,:,:
PAS,PAS_CRD,NO_ENBR_UK_EGLL,119232,124969,113220,106366,:,:,:,:,:,:,:,:,:,:,:,:,:,:
PAS,PAS_CRD,NO_ENBR_UK_EGPD,:,:,:,:,:,:,46731,49193,52081,50396,50170,:,:,:,:,:,:,:
PAS,PAS_CRD,NO_ENBR_UK_EGSS,:,:,:,:,:,:,:,:,56001,73122,62585,43631,:,:,:,:,:,:
PAS,PAS_CRD,NO_ENCN_DK_EKCH,86404,101177,115302,107703,101803,106796,105922,95767,116086,103702,105889,87026,51344,98042,110645,:,:,:
PAS,PAS_CRD,NO_ENCN_ES_GCLP,20216,:,:,:,:,:,:,:,:,:,:,:,:,:,:,:,:,:
PAS,PAS_CRD,NO_ENCN_NL_EHAM,135329,134888,131822,125349,124899,107928,82553,89618,97518,87359,68239,26743,:,:,:,:,:,:
PAS,PAS_CRD,NO_ENCN_NO_ENBR,137331,156199,163258,188625,185849,148576,129588,129966,131302,130280,124236,94978,106664,110886,113594,:,:,:
PAS,PAS_CRD,NO_ENCN_NO_ENGM,510535,498125,502915,494362,485229,492304,444465,448730,463550,423746,411280,354707,383256,370257,399963,:,:,:
PAS,PAS_CRD,NO_ENCN_NO_ENVA,46763,45151,24994,:,27968,:,:,:,:,:,:,:,:,:,:,:,:,:
PAS,PAS_CRD,NO_ENCN_NO_ENZV,:,29755,29986,29937,29628,29621,26034,28191,33338,37696,44810,52490,63908,65449,73228,:,:,:
PAS,PAS_CRD,NO_ENCN_PL_EPGD,31254,32378,27978,:,:,:,:,:,:,:,:,:,:,:,:,:,:,:
PAS,PAS_CRD,NO_ENDU_NO_ENBO,:,:,:,:,:,29204,:,:,:,:,:,:,:,:,17885,:,:,:
PAS,PAS_CRD,NO_ENDU_NO_ENGM,239337,226540,219613,210462,196994,166232,188812,174109,175473,176181,167656,126836,150590,149721,140890,:,:,:
PAS,PAS_CRD,NO_ENEV_NO_ENBO,:,:,:,:,20955,22591,24106,25972,25954,30649,37391,37552,44512,48100,29450,:,:,:
PAS,PAS_CRD,NO_ENEV_NO_ENGM,578882,557919,561088,528077,520615,507993,472847,427367,424910,411744,377193,296611,329762,298464,286214,:,:,:
PAS,PAS_CRD,NO_ENEV_NO_ENTC,:,20029,:,:,:,:,:,:,:,16812,17767,17649,19438,21910,31353,:,:,:
PAS,PAS_CRD,NO_ENEV_NO_ENVA,30970,34229,35049,24349,:,:,:,:,:,:,17003,17746,:,:,38316,:,:,:
PAS,PAS_CRD,NO_ENFL_NO_ENBR,47921,59354,67509,68247,67139,62306,60422,56808,46672,48617,44228,41200,42481,44592,:,:,:,:
PAS,PAS_CRD,NO_ENFL_NO_ENGM,50022,61852,68327,68318,65183,59558,59895,56819,50927,52370,48749,40046,37423,34850,:,:,:,:
PAS,PAS_CRD,NO_ENGM_AE_OMDB,163920,176904,:,:,:,:,:,:,:,:,:,:,:,:,:,:,:,:
PAS,PAS_CRD,NO_ENGM_AT_LOWW,152689,128173,132152,134729,134131,142830,141061,103569,90620,95522,92559,:,:,:,:,:,:,:
PAS,PAS_CRD,NO_ENGM_BE_EBBR,213400,212248,194140,173302,173846,174363,167233,161578,175795,176680,162824,111697,111046,97388,118636,:,:,:
PAS,PAS_CRD,NO_ENGM_CH_LSZH,162170,160046,183069,183830,188594,187535,173195,120616,:,:,:,:,:,:,94676,:,:,:
PAS,PAS_CRD,NO_ENGM_CY_LCLK,:,:,:,:,81926,81178,:,:,:,:,:,:,:,:,:,:,:,:
PAS,PAS_CRD,NO_ENGM_CZ_LKPR,138714,133905,123604,131880,109425,138736,158762,175001,185672,162487,173595,105262,:,:,:,:,:,:
PAS,PAS_CRD,NO_ENGM_DE_EDDB,285385,260335,190766,185748,172627,175454,161562,136246,134102,121675,96936,:,:,:,:,:,:,:
PAS,PAS_CRD,NO_ENGM_DE_EDDF,475475,507588,475529,404105,450587,463735,430093,444408,423560,399980,347599,267651,317444,320551,282445,:,:,:
PAS,PAS_CRD,NO_ENGM_DE_EDDH,146875,133015,99225,100815,101973,100476,87772,82214,92164,87355,91134,:,:,:,:,:,:,:
PAS,PAS_CRD,NO_ENGM_DE_EDDL,:,:,:,:,82980,112448,109800,103815,88949,79722,:,:,:,:,:,:,:,:
PAS,PAS_CRD,NO_ENGM_DE_EDDM,368343,330995,317973,307546,307311,298355,244836,246929,259338,264442,234414,160096,134695,110060,96013,:,:,:
PAS,PAS_CRD,NO_ENGM_DE_EDDT,77641,78613,234928,197114,143602,113610,83158,:,:,:,:,:,:,:,:,:,:,:
PAS,PAS_CRD,NO_ENGM_DK_EKBI,181834,157827,135202,119724,118479,133446,112721,82024,95018,:,:,:,:,:,:,:,:,:
PAS,PAS_CRD,NO_ENGM_DK_EKCH,1506326,1427618,1402753,1322769,1290909,1206480,1124765,1098041,1271857,1261799,1226612,1065652,1192504,1212821,1288163,:,:,:
PAS,PAS_CRD,NO_ENGM_EE_EETN,123018,114105,95938,90321,104682,88487,84833,88012,99347,107783,76769,:,:,:,:,:,:,:
PAS,PAS_CRD,NO_ENGM_EL_LGRP,:,75728,:,75070,:,:,:,:,:,:,:,:,:,:,:,:,:,:
PAS,PAS_CRD,NO_ENGM_EL_LGSA,120229,105191,122000,117801,112702,110006,106444,92614,87768,:,84638,:,:,:,:,:,:,:
PAS,PAS_CRD,NO_ENGM_ES_GCLP,315850,300106,314167,344152,303728,298659,246407,245395,220089,181146,178884,154242,128938,115113,115376,:,:,:
PAS,PAS_CRD,NO_ENGM_ES_GCTS,98735,89460,102307,110916,108194,92017,:,:,81018,:,:,:,:,:,:,:,:,:
PAS,PAS_CRD,NO_ENGM_ES_LEAL,321852,265624,248658,232050,197016,181764,180097,165000,174607,172483,139514,118336,171571,163780,124357,:,:,:
PAS,PAS_CRD,NO_ENGM_ES_LEBL,300996,268835,237330,210846,153536,152557,135313,119786,106655,124805,95268,:,:,:,:,:,:,:
PAS,PAS_CRD,NO_ENGM_ES_LEMD,:,:,:,:,:,:,:,:,83596,76686,:,:,:,:,:,:,:,:
PAS,PAS_CRD,NO_ENGM_ES_LEMG,285192,246786,209702,202751,170435,154869,150077,126547,138080,125737,125310,102091,108169,96794,89424,:,:,:
PAS,PAS_CRD,NO_ENGM_ES_LEPA,186046,142395,149052,155628,149006,109997,104480,108010,84786,:,:,:,:,:,:,:,:,:
PAS,PAS_CRD,NO_ENGM_FI_EFHK,406888,387471,390179,363223,341094,322493,281511,240257,272477,252438,204270,171344,177480,166994,156927,:,:,:
PAS,PAS_CRD,NO_ENGM_FR_LFMN,200835,167897,152798,152912,143534,136538,126142,110723,143523,158091,129108,99928,98842,:,:,:,:,:
PAS,PAS_CRD,NO_ENGM_FR_LFPG,352074,349477,351688,310746,320356,309396,288359,283357,295113,285043,187165,133386,202947,295564,298615,:,:,:
PAS,PAS_CRD,NO_ENGM_FR_LFPO,107068,102631,91760,95593,91474,102471,94202,97247,120676,131758,:,:,:,:,:,:,:,:
PAS,PAS_CRD,NO_ENGM_HR_LDSP,95000,:,75724,:,:,:,:,:,:,:,:,:,:,:,:,:,:,:
PAS,PAS_CRD,NO_ENGM_HU_LHBP,182053,144849,114624,126790,88021,83553,76686,76569,:,:,:,:,:,:,:,:,:,:
PAS,PAS_CRD,NO_ENGM_IE_EIDW,98880,92323,84397,75012,:,:,:,:,:,:,:,:,:,:,:,:,:,:
PAS,PAS_CRD,NO_ENGM_IS_BIKF,307804,300445,264531,249823,227650,191243,168423,159011,157215,162700,148290,98606,:,:,:,:,:,:
PAS,PAS_CRD,NO_ENGM_IT_LIMC,87997,86746,85188,78494,:,79901,:,:,:,:,:,:,:,:,:,:,:,:
PAS,PAS_CRD,NO_ENGM_IT_LIRF,161283,127340,135174,135878,122748,110969,112378,122632,138304,114612,:,:,:,:,:,:,:,:
PAS,PAS_CRD,NO_ENGM_LT_EYVI,91548,:,:,:,:,:,:,:,:,:,:,:,:,:,:,:,:,:
PAS,PAS_CRD,NO_ENGM_LV_EVRA,191562,187806,159692,162744,169414,187036,179137,164708,87527,92898,82429,:,:,:,:,:,:,:
PAS,PAS_CRD,NO_ENGM_NL_EHAM,685098,639376,611515,601590,607970,589789,537126,532038,576037,579790,535381,434791,457996,450163,423099,:,:,:
PAS,PAS_CRD,NO_ENGM_NO_ENAL,606046,589918,591266,599838,605239,585751,518824,482520,474894,468936,425822,364700,418583,380875,386224,:,:,:
PAS,PAS_CRD,NO_ENGM_NO_ENAT,169962,204855,196508,175200,162949,174208,190076,178936,227129,243418,242623,174099,178405,141629,113413,:,:,:
PAS,PAS_CRD,NO_ENGM_NO_ENBO,809277,756986,749874,735803,735308,733791,641070,604625,627002,638414,584564,449998,489759,458501,445788,:,:,:
PAS,PAS_CRD,NO_ENGM_NO_ENBR,1881726,1810781,1819220,1720519,1728386,1691634,1512429,1522030,1585465,1637429,1494195,1239568,1286934,1293282,1258696,:,:,:
PAS,PAS_CRD,NO_ENGM_NO_ENCN,510597,498225,503120,494954,485779,492383,444752,449071,463550,423746,411280,354707,383256,370257,399963,:,:,:
PAS,PAS_CRD,NO_ENGM_NO_ENDU,239391,226690,219613,210903,197485,166530,189045,174193,175473,176181,167656,126836,150590,149721,140890,:,:,:
PAS,PAS_CRD,NO_ENGM_NO_ENEV,579286,558013,558014,524771,519508,508159,473286,427838,424910,411744,377193,296611,329762,298464,286214,:,:,:
PAS,PAS_CRD,NO_ENGM_NO_ENHD,450566,437935,438262,434629,424181,421934,389658,364632,357814,339731,306884,234194,256860,260953,263641,:,:,:
PAS,PAS_CRD,NO_ENGM_NO_ENKB,181760,193148,202526,201015,186543,178600,170252,168730,164295,161649,151524,129617,138140,133633,142626,:,:,:
PAS,PAS_CRD,NO_ENGM_NO_ENKR,203632,183328,178931,174473,172289,182006,174018,166640,156917,135403,130989,99455,114390,98954,85769,:,:,:
PAS,PAS_CRD,NO_ENGM_NO_ENML,371564,370909,361716,342611,342331,335095,299863,252624,238951,271160,286662,223378,226710,214001,193581,:,:,:
PAS,PAS_CRD,NO_ENGM_NO_ENOV,81223,89974,96998,98851,91204,76137,:,:,:,:,:,:,:,:,:,:,:,:
PAS,PAS_CRD,NO_ENGM_NO_ENSB,92258,82028,:,:,:,:,:,:,:,:,:,:,:,:,:,:,:,:
PAS,PAS_CRD,NO_ENGM_NO_ENTC,1178188,1108686,1072669,1047881,1029944,954243,814036,790659,797054,802707,751378,591198,630499,617374,608910,:,:,:
PAS,PAS_CRD,NO_ENGM_NO_ENVA,1987743,1942761,1911712,1872478,1817731,1749184,1588995,1542642,1630407,1621288,1456330,1213590,1279201,1291815,1304716,:,:,:
PAS,PAS_CRD,NO_ENGM_NO_ENZV,1563869,1515630,1564631,1534920,1517000,1434043,1276253,1257354,1355210,1302691,1182034,948325,993397,984975,971925,:,:,:
PAS,PAS_CRD,NO_ENGM_PL_EPGD,109427,102423,90630,84598,77388,:,:,:,:,:,:,:,:,:,:,:,:,:
PAS,PAS_CRD,NO_ENGM_PL_EPKK,136026,118137,99272,88366,84092,85713,75490,:,84962,76903,:,:,:,:,:,:,:,:
PAS,PAS_CRD,NO_ENGM_PL_EPWA,91754,82564,:,:,:,:,:,79386,100879,135274,86186,:,:,:,:,:,:,:
PAS,PAS_CRD,NO_ENGM_PT_LPPT,109857,123738,113014,96591,82178,75891,75575,:,80647,91401,:,:,:,:,:,:,:,:
PAS,PAS_CRD,NO_ENGM_QA_OTBD,:,:,:,125209,89127,:,:,:,:,:,:,:,:,:,:,:,:,:
PAS,PAS_CRD,NO_ENGM_QA_OTHH,147430,129652,:,:,:,:,:,:,:,:,:,:,:,:,:,:,:,:
PAS,PAS_CRD,NO_ENGM_RU_UUEE,123698,115627,110559,112344,115256,80240,:,:,:,:,:,:,:,:,:,:,:,:
PAS,PAS_CRD,NO_ENGM_SE_ESGG,84702,:,:,:,:,:,:,:,76928,81128,79144,:,:,84269,95645,:,:,:
PAS,PAS_CRD,NO_ENGM_SE_ESSA,1387885,1338118,1354730,1204264,1187070,1153232,993791,955824,1030792,1038527,1010706,809236,839743,743465,811419,:,:,:
PAS,PAS_CRD,NO_ENGM_TH_VTBS,234737,228139,238625,200943,145744,130487,118896,:,:,:,:,:,:,:,:,:,:,:
PAS,PAS_CRD,NO_ENGM_TR_LTAI,105390,167383,169483,237066,253199,232263,177809,145893,117159,:,:,:,:,:,:,:,:,:
PAS,PAS_CRD,NO_ENGM_TR_LTBA,199280,221921,199333,190065,156451,103347,81838,:,:,:,:,:,:,:,:,:,:,:
PAS,PAS_CRD,NO_ENGM_UK_EGCC,103393,96778,81996,85324,77599,:,:,:,:,:,:,:,:,:,:,:,:,:
PAS,PAS_CRD,NO_ENGM_UK_EGKK,356014,365838,338163,325939,272858,256413,246872,178227,:,:,:,:,:,:,:,:,:,:
PAS,PAS_CRD,NO_ENGM_UK_EGLL,699206,683497,692891,684790,662354,621108,588510,605928,597914,593517,601145,508438,580074,620700,684851,:,:,:
PAS,PAS_CRD,NO_ENGM_UK_EGPH,85528,81481,:,:,:,:,:,:,:,:,:,:,:,:,:,:,:,:
PAS,PAS_CRD,NO_ENGM_UK_EGSS,:,:,:,:,:,:,:,:,142864,135123,128756,89845,:,:,:,:,:,:
PAS,PAS_CRD,NO_ENGM_US_KEWR,191711,222422,245038,243060,241577,218918,120107,101690,:,:,:,:,:,:,:,:,:,:
PAS,PAS_CRD,NO_ENGM_US_KJFK,114546,112588,106993,:,:,:,:,:,:,:,:,:,:,:,:,:,:,:
PAS,PAS_CRD,NO_ENHD_DE_EDDW,:,:,:,:,:,:,21207,:,:,:,:,:,:,:,:,:,:,:
PAS,PAS_CRD,NO_ENHD_DK_EKCH,:,31386,31755,31467,32197,:,:,:,26870,:,:,:,:,:,:,:,:,:
PAS,PAS_CRD,NO_ENHD_ES_GCLP,:,:,22662,24352,:,:,:,:,:,:,:,:,:,:,:,:,:,:
PAS,PAS_CRD,NO_ENHD_ES_LEAL,22019,21274,20261,21607,21590,26568,31228,:,:,:,:,:,:,:,:,:,:,:
PAS,PAS_CRD,NO_ENHD_NO_ENBR,:,:,:,20937,:,:,:,22676,25060,38271,40388,38477,47871,51238,56160,:,:,:
PAS,PAS_CRD,NO_ENHD_NO_ENGM,450699,439060,438005,434497,423991,422632,389290,363652,357814,339731,306884,234194,256860,260953,263641,:,:,:
PAS,PAS_CRD,NO_ENHD_PL_EPGD,63652,63726,42250,38721,21768,:,:,:,:,:,:,:,:,:,:,:,:,:
PAS,PAS_CRD,NO_ENHD_TR_LTAI,:,:,:,20562,:,:,:,20576,:,:,:,:,:,:,:,:,:,:
PAS,PAS_CRD,NO_ENHD_UK_EGSS,:,23919,28862,33020,36033,35689,38563,46668,19478,20665,34055,29941,18997,38950,:,:,:,:
PAS,PAS_CRD,NO_ENHF_NO_ENHV,:,:,:,:,:,:,:,:,:,:,:,:,:,:,11234,:,:,:
PAS,PAS_CRD,NO_ENHF_NO_ENTC,97193,94964,:,:,:,:,:,:,101935,110518,108759,86949,88731,79780,70615,:,:,:
PAS,PAS_CRD,NO_ENKB_NO_ENBR,49028,66300,71120,76582,77578,73219,71946,77885,74012,72761,64433,51920,52400,54060,58367,:,:,:
PAS,PAS_CRD,NO_ENKB_NO_ENGM,181199,193048,202248,200528,186181,178326,170048,168688,164295,161649,151524,129617,138140,133633,142626,:,:,:
PAS,PAS_CRD,NO_ENKB_NO_ENVA,:,:,:,15109,15348,:,:,:,:,:,:,:,:,:,:,:,:,:
PAS,PAS_CRD,NO_ENKB_NO_ENZV,:,:,:,:,:,:,:,:,:,16649,:,:,:,:,:,:,:,:
PAS,PAS_CRD,NO_ENKR_NO_ENGM,203632,183328,179192,174473,172418,182341,174018,166640,156917,135403,130989,99455,114390,98954,85769,:,:,:
PAS,PAS_CRD,NO_ENKR_NO_ENSS,:,:,:,:,15263,15645,:,:,:,:,:,:,:,:,:,:,:,:
PAS,PAS_CRD,NO_ENKR_NO_ENTC,45237,62972,68744,69671,65456,48734,38431,41067,49116,51145,51504,44131,48155,64038,83943,:,:,:
PAS,PAS_CRD,NO_ENKR_NO_ENVD,31876,32345,30753,28336,33100,32758,32401,33217,29101,26675,24708,20809,24749,25322,25679,:,:,:
PAS,PAS_CRD,NO_ENLK_NO_ENBO,101549,93314,:,:,:,:,:,:,84236,86680,82988,65488,76286,74448,77835,:,:,:
PAS,PAS_CRD,NO_ENML_NO_ENBR,51713,60754,64718,63668,61544,55828,55244,58168,61300,67125,69773,47874,49766,50437,51594,:,:,:
PAS,PAS_CRD,NO_ENML_NO_ENGM,371254,370845,361097,342023,341775,334750,299519,252560,238951,271160,286662,223378,226710,214001,193581,:,:,:
PAS,PAS_CRD,NO_ENML_NO_ENVA,:,:,:,:,:,:,:,21125,22967,25899,28913,24030,24758,23888,24149,:,:,:
PAS,PAS_CRD,NO_ENML_PL_EPGD,27291,20112,:,:,:,:,:,:,:,:,:,:,:,:,:,:,:,:
PAS,PAS_CRD,NO_ENMS_NO_ENBO,:,:,:,:,:,:,:,:,17412,19129,:,:,:,18983,17485,:,:,:
PAS,PAS_CRD,NO_ENMS_NO_ENRA,12818,11914,:,:,:,:,:,:,12392,11672,:,:,:,14420,12438,:,:,:
PAS,PAS_CRD,NO_ENMS_NO_ENVA,34238,34879,:,:,:,:,:,:,43982,46253,:,:,:,41292,43063,:,:,:
PAS,PAS_CRD,NO_ENOV_NO_ENBR,13760,14658,:,:,:,:,:,:,:,:,:,:,:,:,:,:,:,:
PAS,PAS_CRD,NO_ENOV_NO_ENGM,79020,87496,:,:,:,:,:,:,60477,:,:,:,:,:,:,:,:,:
PAS,PAS_CRD,NO_ENOV_NO_ENSG,:,:,:,:,:,:,:,:,16789,:,:,:,:,:,:,:,:,:
PAS,PAS_CRD,NO_ENRA_NO_ENBO,47731,46809,:,:,:,:,:,:,43587,44550,40706,33193,34922,37228,38222,:,:,:
PAS,PAS_CRD,NO_ENRA_NO_ENMS,18555,17495,:,:,:,:,:,:,12392,11672,11505,10504,12042,14420,12438,:,:,:
PAS,PAS_CRD,NO_ENRA_NO_ENVA,30956,29338,:,:,:,:,:,:,48846,47052,43335,37257,41828,45813,44011,:,:,:
PAS,PAS_CRD,NO_ENRY_BE_EBCI,33370,42911,50791,57986,65506,73659,64338,:,:,:,:,:,:,:,:,:,:,:
PAS,PAS_CRD,NO_ENRY_CZ_LKPR,:,:,:,:,:,:,:,20664,:,:,:,:,:,:,:,:,:,:
PAS,PAS_CRD,NO_ENRY_DE_EDDB,:,:,48362,51655,59332,71589,55228,:,:,:,:,:,:,:,:,:,:,:
PAS,PAS_CRD,NO_ENRY_DE_EDFH,:,:,:,27822,29305,:,:,:,:,:,:,:,:,:,:,:,:,:
PAS,PAS_CRD,NO_ENRY_DE_EDJA,:,:,:,:,:,22916,31076,:,:,:,:,:,:,:,:,:,:,:
PAS,PAS_CRD,NO_ENRY_DE_EDLV,:,:,:,:,:,:,34141,:,:,:,:,:,:,:,:,:,:,:
PAS,PAS_CRD,NO_ENRY_DK_EKAH,:,:,:,:,:,24325,:,:,:,:,:,:,:,:,:,:,:,:
PAS,PAS_CRD,NO_ENRY_EE_EETN,22431,28810,31982,34859,33333,32461,:,:,:,:,:,:,:,:,:,:,:,:
PAS,PAS_CRD,NO_ENRY_EL_LGAT,:,:,:,:,:,:,:,:,15553,:,:,:,:,:,:,:,:,:
PAS,PAS_CRD,NO_ENRY_EL_LGSA,24935,30847,29426,29058,24326,:,:,:,:,:,:,:,:,:,:,:,:,:
PAS,PAS_CRD,NO_ENRY_ES_GCLP,:,30701,24608,:,:,:,20418,:,:,:,:,:,:,:,:,:,:,:
PAS,PAS_CRD,NO_ENRY_ES_GCTS,:,:,23299,:,:,:,:,:,:,:,:,:,:,:,:,:,:,:
PAS,PAS_CRD,NO_ENRY_ES_LEAL,84960,106243,102833,106053,69511,77447,54799,26147,33941,:,:,:,:,:,:,:,:,:
PAS,PAS_CRD,NO_ENRY_ES_LEBL,:,:,51175,64008,55413,50659,:,:,35783,:,:,:,:,:,:,:,:,:
PAS,PAS_CRD,NO_ENRY_ES_LEGE,:,:,:,:,:,:,27901,:,:,:,:,:,:,:,:,:,:,:
PAS,PAS_CRD,NO_ENRY_ES_LEMD,:,37505,27850,30081,29733,46337,54372,:,:,:,:,:,:,:,:,:,:,:
PAS,PAS_CRD,NO_ENRY_ES_LEMG,50481,75604,87646,98151,71028,70358,48464,23958,24066,:,:,:,:,:,:,:,:,:
PAS,PAS_CRD,NO_ENRY_ES_LEPA,27739,33424,28098,28385,29901,31161,:,:,:,:,:,:,:,:,:,:,:,:
PAS,PAS_CRD,NO_ENRY_FR_LFOB,:,26080,50588,64813,70523,55949,47003,:,:,:,:,:,:,:,:,:,:,:
PAS,PAS_CRD,NO_ENRY_HR_LDZD,:,21163,:,:,20408,:,:,:,:,:,:,:,:,:,:,:,:,:
PAS,PAS_CRD,NO_ENRY_HU_LHBP,:,:,:,:,35605,:,:,22397,17473,:,:,:,:,:,:,:,:,:
PAS,PAS_CRD,NO_ENRY_IE_EIDW,41400,57758,54504,53268,81564,90117,54465,:,:,:,:,:,:,:,:,:,:,:
PAS,PAS_CRD,NO_ENRY_IT_LIME,44739,58425,50199,46936,40695,:,:,:,:,:,:,:,:,:,:,:,:,:
PAS,PAS_CRD,NO_ENRY_IT_LIPH,:,:,:,:,:,:,22603,:,:,:,:,:,:,:,:,:,:,:
PAS,PAS_CRD,NO_ENRY_IT_LIRA,:,:,43095,37010,34353,36712,:,:,:,:,:,:,:,:,:,:,:,:
PAS,PAS_CRD,NO_ENRY_LT_EYKA,:,41806,38111,23487,54796,47759,21648,:,:,:,:,:,:,:,:,:,:,:
PAS,PAS_CRD,NO_ENRY_LT_EYVI,65071,61206,60552,64093,:,:,:,:,:,:,:,:,:,:,:,:,:,:
PAS,PAS_CRD,NO_ENRY_LV_EVRA,44572,55338,53622,51187,50295,46032,27994,:,:,:,:,:,:,:,:,:,:,:
PAS,PAS_CRD,NO_ENRY_NL_EHEH,:,:,:,:,:,:,20967,:,:,:,:,:,:,:,:,:,:,:
PAS,PAS_CRD,NO_ENRY_NO_ENBO,:,:,:,:,:,:,44911,62703,:,:,:,:,:,:,:,:,:,:
PAS,PAS_CRD,NO_ENRY_NO_ENBR,:,:,:,23415,26548,79110,94543,97877,84268,:,:,:,:,:,:,:,:,:
PAS,PAS_CRD,NO_ENRY_NO_ENTC,:,:,:,:,:,:,21179,:,:,:,:,:,:,:,:,:,:,:
PAS,PAS_CRD,NO_ENRY_NO_ENVA,:,:,:,:,:,78078,94545,93971,16014,:,:,:,:,:,:,:,:,:
PAS,PAS_CRD,NO_ENRY_NO_ENZV,:,:,:,:,:,:,42151,53117,:,:,:,:,:,:,:,:,:,:
PAS,PAS_CRD,NO_ENRY_PL_EPGD,69903,85787,74761,61505,54015,40031,27486,:,:,:,:,:,:,:,:,:,:,:
PAS,PAS_CRD,NO_ENRY_PL_EPKK,97216,128212,115444,105353,92466,74385,45009,:,:,:,:,:,:,:,:,:,:,:
PAS,PAS_CRD,NO_ENRY_PL_EPPO,31643,36529,40288,26097,:,:,:,:,:,:,:,:,:,:,:,:,:,:
PAS,PAS_CRD,NO_ENRY_PL_EPRZ,25603,33058,29305,:,:,:,:,:,:,:,:,:,:,:,:,:,:,:
PAS,PAS_CRD,NO_ENRY_PL_EPSC,21808,20994,:,:,:,:,:,:,17631,:,:,:,:,:,:,:,:,:
PAS,PAS_CRD,NO_ENRY_PL_EPWA,:,:,:,55148,:,:,:,:,:,:,:,:,:,:,:,:,:,:
PAS,PAS_CRD,NO_ENRY_PL_EPWR,36585,47008,44555,40127,34295,30176,:,:,:,:,:,:,:,:,:,:,:,:
PAS,PAS_CRD,NO_ENRY_PT_LPFR,:,:,:,20385,20083,:,:,:,:,:,:,:,:,:,:,:,:,:
PAS,PAS_CRD,NO_ENRY_PT_LPMO,92640,117738,90908,:,23560,:,:,:,:,:,:,:,:,:,:,:,:,:
PAS,PAS_CRD,NO_ENRY_TR_LTAI,:,:,:,:,:,:,28399,:,:,:,:,:,:,:,:,:,:,:
PAS,PAS_CRD,NO_ENRY_UK_EGCC,48861,62722,59942,52993,50586,:,:,:,:,:,:,:,:,:,:,:,:,:
PAS,PAS_CRD,NO_ENRY_UK_EGKK,:,:,:,:,73454,91941,:,:,:,:,:,:,:,:,:,:,:,:
PAS,PAS_CRD,NO_ENRY_UK_EGNT,:,:,:,:,:,23659,:,:,:,:,:,:,:,:,:,:,:,:
PAS,PAS_CRD,NO_ENRY_UK_EGPH,31680,39469,38953,:,:,:,:,:,:,:,:,:,:,:,:,:,:,:
PAS,PAS_CRD,NO_ENRY_UK_EGSS,201192,284689,253049,251772,191043,171536,167445,40433,:,:,:,:,:,:,:,:,:,:
PAS,PAS_CRD,NO_ENSB_NO_ENGM,92258,82028,:,:,:,:,:,:,71156,57964,51228,39834,44830,44469,45169,:,:,:
PAS,PAS_CRD,NO_ENSB_NO_ENTC,63778,61569,:,:,:,:,:,:,66337,67907,61542,50702,58815,51902,52758,:,:,:
PAS,PAS_CRD,NO_ENSG_NO_ENBR,16268,15839,:,:,:,:,:,:,22584,21850,20807,16237,17909,19321,17970,:,:,:
PAS,PAS_CRD,NO_ENSG_NO_ENGM,41088,36521,:,:,:,:,:,:,43869,43771,42109,33579,36900,36920,35146,:,:,:
PAS,PAS_CRD,NO_ENSG_NO_ENOV,:,:,:,:,:,:,:,:,16789,18183,17054,14593,14988,15190,13838,:,:,:
PAS,PAS_CRD,NO_ENSG_NO_ENSD,:,10283,:,:,:,:,:,:,13367,13138,13436,10416,11825,13353,13463,:,:,:
PAS,PAS_CRD,NO_ENSH_NO_ENBO,:,:,:,:,:,:,:,:,:,74821,:,:,:,:,:,:,:,:
PAS,PAS_CRD,NO_ENSK_NO_ENBO,68832,69706,:,:,:,:,:,:,81383,79313,77322,63114,73112,75152,77626,:,:,:
PAS,PAS_CRD,NO_ENSK_NO_ENTC,15404,15562,:,:,:,:,:,:,22363,22768,21173,16673,16798,:,:,:,:,:
PAS,PAS_CRD,NO_ENST_NO_ENBN,21362,23409,:,:,:,:,:,:,17016,16807,16373,13276,14865,17995,15615,:,:,:
PAS,PAS_CRD,NO_ENST_NO_ENBO,29756,28492,:,:,:,:,:,:,36273,36773,32327,27537,29713,31922,33151,:,:,:
PAS,PAS_CRD,NO_ENST_NO_ENVA,16226,16920,:,:,:,:,:,:,37015,35492,31464,29075,32282,33514,28643,:,:,:
PAS,PAS_CRD,NO_ENTC_NO_ENAN,29271,28653,28388,27257,28631,27450,28785,28329,22846,21916,:,:,21299,21586,21672,:,:,:
PAS,PAS_CRD,NO_ENTC_NO_ENAT,96744,92726,90970,93804,92185,88841,76800,81152,93668,96055,97672,84701,94929,102898,122682,:,:,:
PAS,PAS_CRD,NO_ENTC_NO_ENBO,257881,254831,247428,252981,315000,302844,281706,304106,222231,210355,202315,170623,187880,186154,186041,:,:,:
PAS,PAS_CRD,NO_ENTC_NO_ENBR,43114,38040,31963,21548,:,:,35185,21417,:,:,:,:,:,:,:,:,:,:
PAS,PAS_CRD,NO_ENTC_NO_ENEV,27546,26370,25454,25303,20438,:,:,:,:,:,:,:,:,21910,31353,:,:,:
PAS,PAS_CRD,NO_ENTC_NO_ENGM,1068288,1005836,984509,950767,917317,854077,741944,717867,797054,802707,751378,591198,630499,617374,608910,:,:,:
PAS,PAS_CRD,NO_ENTC_NO_ENHF,119300,116338,118265,119048,105502,103895,92167,98734,101935,110518,108759,86949,88731,79780,70615,:,:,:
PAS,PAS_CRD,NO_ENTC_NO_ENKR,40720,45242,50166,53005,49790,43132,38672,41581,49116,51145,51504,44131,48155,64038,83943,:,:,:
PAS,PAS_CRD,NO_ENTC_NO_ENNA,49791,46963,49649,50954,51773,50560,48520,49869,44751,43552,42216,38889,43617,37709,54856,:,:,:
PAS,PAS_CRD,NO_ENTC_NO_ENRY,:,:,:,:,:,:,21074,:,:,:,:,:,:,:,:,:,:,:
PAS,PAS_CRD,NO_ENTC_NO_ENSB,27989,28028,30173,37860,42888,43630,39975,39302,66337,67907,61542,50702,58815,51902,52758,:,:,:
PAS,PAS_CRD,NO_ENTC_NO_ENSK,:,:,:,21262,22298,:,:,:,22363,22768,21173,:,:,:,:,:,:,:
PAS,PAS_CRD,NO_ENTC_NO_ENSR,25038,23204,24916,26250,24385,24532,21542,22487,:,:,:,:,:,:,:,:,:,:
PAS,PAS_CRD,NO_ENTC_NO_ENVA,46204,44853,46372,30322,:,:,:,:,148986,138262,128313,112392,143374,129875,131194,:,:,:
PAS,PAS_CRD,NO_ENTC_NO_ENVD,30286,31198,31417,27270,27096,27099,25037,:,22943,23761,22704,:,:,:,22224,:,:,:
PAS,PAS_CRD,NO_ENTC_UK_EGKK,:,:,28435,22945,:,:,22242,:,:,:,:,:,:,:,:,:,:,:
PAS,PAS_CRD,NO_ENTC_UK_EGSS,:,:,:,:,:,:,:,:,21365,:,:,:,:,:,:,:,:,:
PAS,PAS_CRD,NO_ENTO_DE_EDDW,:,:,:,:,27169,36894,45449,60019,54944,39365,:,:,:,:,:,:,:,:
PAS,PAS_CRD,NO_ENTO_DE_EDFH,:,:,:,:,:,33262,52746,82254,95311,102741,93512,90335,103536,98724,73098,:,:,:
PAS,PAS_CRD,NO_ENTO_DE_EDLV,:,:,:,:,:,:,:,67691,:,:,:,:,:,:,:,:,:,:
PAS,PAS_CRD,NO_ENTO_DK_EKCH,82404,87058,88537,94830,107780,105934,99435,95141,104958,110376,109270,93436,107134,111873,114402,:,:,:
PAS,PAS_CRD,NO_ENTO_ES_GCLP,32709,29811,34113,38568,32261,:,:,:,:,:,:,:,:,:,:,:,:,:
PAS,PAS_CRD,NO_ENTO_ES_LEAL,62039,63239,70162,67789,48248,52722,45531,25417,:,:,:,:,:,:,:,:,:,:
PAS,PAS_CRD,NO_ENTO_ES_LEGE,:,:,:,:,:,:,38472,45234,26209,22916,:,:,:,:,:,:,:,:
PAS,PAS_CRD,NO_ENTO_ES_LEMD,:,:,:,:,:,:,:,:,22345,47684,:,:,:,:,:,:,:,:
PAS,PAS_CRD,NO_ENTO_ES_LEMG,53750,60590,57092,48925,45141,:,:,:,:,:,:,:,:,:,:,:,:,:
PAS,PAS_CRD,NO_ENTO_ES_LEPA,:,:,28572,35362,31222,:,:,:,:,:,:,:,:,:,:,:,:,:
PAS,PAS_CRD,NO_ENTO_FR_LFML,:,:,:,:,:,:,:,:,23372,33289,:,:,:,:,:,:,:,:
PAS,PAS_CRD,NO_ENTO_FR_LFOB,:,:,:,:,:,:,:,:,:,:,:,:,:,:,21945,:,:,:
PAS,PAS_CRD,NO_ENTO_IE_EIDW,:,:,:,:,:,:,:,57783,60712,51920,:,:,:,:,:,:,:,:
PAS,PAS_CRD,NO_ENTO_IT_LIME,:,:,:,20452,38360,60628,72528,81241,84622,65915,90972,66115,:,:,:,:,:,:
PAS,PAS_CRD,NO_ENTO_IT_LIPE,:,:,:,:,:,:,:,22301,:,:,:,:,:,:,:,:,:,:
PAS,PAS_CRD,NO_ENTO_IT_LIRA,:,:,:,:,:,:,30777,:,:,:,:,:,:,:,:,:,:,:
PAS,PAS_CRD,NO_ENTO_IT_LIRP,:,:,:,:,:,:,21922,24485,24338,32415,:,:,:,:,:,:,:,:
PAS,PAS_CRD,NO_ENTO_LT_EYVI,44427,38700,30665,31373,:,:,:,:,:,:,:,:,:,:,:,:,:,:
PAS,PAS_CRD,NO_ENTO_LV_EVRA,39959,38318,34849,28746,28605,26764,25598,:,:,:,:,:,:,:,:,:,:,:
PAS,PAS_CRD,NO_ENTO_MK_LWSK,29470,:,:,:,:,:,:,:,:,:,:,:,:,:,:,:,:,:
PAS,PAS_CRD,NO_ENTO_NL_EHAM,113091,115823,107351,110807,112808,89198,82023,76808,81576,81270,81564,68245,84866,89264,94013,:,:,:
PAS,PAS_CRD,NO_ENTO_NO_ENBR,156674,210245,271928,258012,234753,136841,128904,131816,122983,126957,122605,113095,132665,135746,129286,:,:,:
PAS,PAS_CRD,NO_ENTO_NO_ENVA,129455,158592,233747,242695,218309,107327,95882,101386,91892,91105,89270,81690,94585,95057,93468,:,:,:
PAS,PAS_CRD,NO_ENTO_NO_ENZV,84327,104073,110250,108463,101143,90255,85603,88533,87837,91143,89434,78244,86047,84544,92583,:,:,:
PAS,PAS_CRD,NO_ENTO_PL_EPGD,103659,93624,79159,72612,67090,42033,48299,44193,:,:,:,:,:,:,:,:,:,:
PAS,PAS_CRD,NO_ENTO_PL_EPKK,:,:,:,:,:,:,:,:,:,:,:,:,:,:,:,:,:,:
PAS,PAS_CRD,NO_ENTO_PL_EPKT,84144,84539,70667,74603,82205,72877,54949,60766,54366,40328,:,:,:,:,:,:,:,:
PAS,PAS_CRD,NO_ENTO_PL_EPLB,34662,32834,29175,:,:,:,:,:,:,:,:,:,:,:,:,:,:,:
PAS,PAS_CRD,NO_ENTO_PL_EPMO,:,:,:,:,27151,:,:,:,:,:,:,:,:,:,:,:,:,:
PAS,PAS_CRD,NO_ENTO_PL_EPPO,33922,28559,28796,38005,37997,38282,35645,36627,:,:,:,:,:,:,:,:,:,:
PAS,PAS_CRD,NO_ENTO_PL_EPSC,27153,28087,27470,21540,:,:,:,:,:,:,:,:,:,:,:,:,:,:
PAS,PAS_CRD,NO_ENTO_PL_EPWA,76635,61502,53802,57430,32197,45480,57559,54887,25401,:,:,:,:,:,:,:,:,:
PAS,PAS_CRD,NO_ENTO_PL_EPWR,28592,27941,21996,22798,26856,26086,25834,:,:,:,:,:,:,:,:,:,:,:
PAS,PAS_CRD,NO_ENTO_RO_LROP,37793,32347,31364,:,:,:,:,:,:,:,:,:,:,:,:,:,:,:
PAS,PAS_CRD,NO_ENTO_SE_ESKN,:,:,:,:,:,:,:,:,:,:,:,:,:,60768,:,:,:,:
PAS,PAS_CRD,NO_ENTO_SE_ESSA,:,:,:,:,:,:,:,:,:,:,:,:,20255,22431,23246,:,:,:
PAS,PAS_CRD,NO_ENTO_TR_LTAI,:,:,32011,32855,42686,:,:,:,:,:,:,:,:,:,:,:,:,:
PAS,PAS_CRD,NO_ENTO_UK_EGBB,:,:,:,:,:,:,:,29187,:,:,:,:,:,:,:,:,:,:
PAS,PAS_CRD,NO_ENTO_UK_EGCC,:,:,:,:,:,:,:,:,:,:,:,:,:,:,:,:,:,:
PAS,PAS_CRD,NO_ENTO_UK_EGGP,26290,33612,29758,41986,44864,53854,56688,54896,55049,50537,61204,:,:,:,:,:,:,:
PAS,PAS_CRD,NO_ENTO_UK_EGKK,:,32383,49162,60619,:,:,:,:,:,:,:,:,:,:,:,:,:,:
PAS,PAS_CRD,NO_ENTO_UK_EGNT,:,:,:,:,:,:,:,:,:,:,30148,:,:,:,:,:,:,:
PAS,PAS_CRD,NO_ENTO_UK_EGPH,:,:,:,37230,47705,43441,34696,:,:,:,:,:,:,:,:,:,:,:
PAS,PAS_CRD,NO_ENTO_UK_EGPK,:,:,:,:,:,:,:,50431,30034,32408,33288,38604,58160,67679,47896,:,:,:
PAS,PAS_CRD,NO_ENTO_UK_EGSS,63263,76754,87837,88125,97483,94758,172263,310277,215154,211822,222716,202372,226334,203796,152760,:,:,:
PAS,PAS_CRD,NO_ENVA_DK_EKCH,175338,175564,203351,193099,193495,131753,116954,114009,114404,95831,93158,78272,90301,83776,73092,:,:,:
PAS,PAS_CRD,NO_ENVA_ES_GCLP,61151,46510,66974,63360,55466,59218,49310,40355,:,:,:,:,:,:,:,:,:,:
PAS,PAS_CRD,NO_ENVA_ES_LEAL,53766,45118,41883,:,:,:,:,:,:,:,:,:,:,:,:,:,:,:
PAS,PAS_CRD,NO_ENVA_LV_EVRA,44920,:,:,:,:,:,:,:,:,:,:,:,:,:,:,:,:,:
PAS,PAS_CRD,NO_ENVA_NL_EHAM,161950,158151,161910,164029,158309,140738,107616,100489,91331,93893,81781,53814,:,:,:,:,:,:
PAS,PAS_CRD,NO_ENVA_NO_ENAL,52545,53382,77384,87073,107040,88805,82431,80068,75232,80577,81248,68475,78789,79857,74106,:,:,:
PAS,PAS_CRD,NO_ENVA_NO_ENBN,81091,77698,76672,78544,75458,73326,79062,72282,63413,62778,56973,45758,47217,47154,42716,:,:,:
PAS,PAS_CRD,NO_ENVA_NO_ENBO,268229,258011,247939,256227,311222,306479,273906,288994,233366,227655,223223,184173,216777,219294,219227,:,:,:
PAS,PAS_CRD,NO_ENVA_NO_ENBR,405850,401831,448441,487121,486312,465346,401000,408896,389499,391485,361489,295023,325600,289916,274514,:,:,:
PAS,PAS_CRD,NO_ENVA_NO_ENCN,48201,43953,:,:,:,:,:,:,:,:,:,:,:,:,:,:,:,:
PAS,PAS_CRD,NO_ENVA_NO_ENGM,1988217,1942404,1911857,1873409,1818353,1748658,1588290,1542205,1630407,1621288,1456330,1213590,1279201,1291815,1304716,:,:,:
PAS,PAS_CRD,NO_ENVA_NO_ENMS,56753,56776,58194,57967,57595,57408,54463,51042,43982,46253,41622,:,:,41292,43063,:,:,:
PAS,PAS_CRD,NO_ENVA_NO_ENRA,:,:,:,:,:,:,:,:,48846,47052,43335,:,41828,45813,44011,:,:,:
PAS,PAS_CRD,NO_ENVA_NO_ENRY,:,:,:,:,:,78116,94525,93914,:,:,:,:,:,:,:,:,:,:
PAS,PAS_CRD,NO_ENVA_NO_ENTC,42866,:,43507,:,:,:,:,:,148986,138262,128313,112392,143374,129875,131194,:,:,:
PAS,PAS_CRD,NO_ENVA_NO_ENTO,127969,158418,234610,245253,220307,108766,96566,102311,91892,91105,89270,81690,94585,95057,93468,:,:,:
PAS,PAS_CRD,NO_ENVA_NO_ENZV,135323,138603,106551,77539,61926,99164,92481,65640,182128,182972,160820,123855,135868,128076,125790,:,:,:
PAS,PAS_CRD,NO_ENVA_PL_EPKK,48879,44494,:,:,:,:,:,:,:,:,:,:,:,:,:,:,:,:
PAS,PAS_CRD,NO_ENVA_SE_ESSA,52911,43260,40519,:,:,:,:,:,:,:,:,:,:,:,:,:,:,:
PAS,PAS_CRD,NO_ENVA_TR_LTAI,:,42033,45278,56791,70305,61888,:,:,:,:,:,:,:,:,:,:,:,:
PAS,PAS_CRD,NO_ENVA_UK_EGKK,69803,68079,65629,58968,41864,:,:,:,:,:,:,:,:,:,:,:,:,:
PAS,PAS_CRD,NO_ENVA_UK_EGSS,:,:,:,:,:,:,:,:,:,:,48306,:,:,:,:,:,:,:
PAS,PAS_CRD,NO_ENVD_NO_ENAT,12108,12991,:,:,:,:,:,:,21513,23141,18962,15998,16924,17407,16706,:,:,:
PAS,PAS_CRD,NO_ENVD_NO_ENBS,:,:,:,:,:,:,:,:,:,:,:,:,:,10027,12663,:,:,:
PAS,PAS_CRD,NO_ENVD_NO_ENKR,16490,17661,:,:,:,:,:,:,29101,26675,24708,20809,24749,25322,25679,:,:,:
PAS,PAS_CRD,NO_ENVD_NO_ENTC,23024,23912,:,:,:,:,:,:,22943,23761,22704,17965,19199,19886,22224,:,:,:
PAS,PAS_CRD,NO_ENZV_DE_EDDF,:,128590,154485,141620,107943,125791,125813,102217,83331,67629,68265,48521,43245,:,:,:,:,:
PAS,PAS_CRD,NO_ENZV_DK_EKCH,293820,264274,280262,272104,275316,247010,193762,185602,213789,210586,210429,173568,222407,221706,232537,:,:,:
PAS,PAS_CRD,NO_ENZV_ES_GCLP,41193,:,42394,49672,:,:,:,:,:,:,:,:,:,:,:,:,:,:
PAS,PAS_CRD,NO_ENZV_ES_LEAL,65162,54493,51800,52760,:,:,:,:,:,:,:,:,:,:,:,:,:,:
PAS,PAS_CRD,NO_ENZV_FR_LFPG,:,60560,58377,:,:,:,:,:,:,:,:,:,:,:,:,:,:,:
PAS,PAS_CRD,NO_ENZV_LT_EYVI,:,43391,41880,:,:,:,:,:,:,:,:,:,:,:,:,:,:,:
PAS,PAS_CRD,NO_ENZV_NL_EHAM,270548,271886,284115,296364,309016,286710,253341,263052,274083,251778,213097,147414,157228,123844,146307,:,:,:
PAS,PAS_CRD,NO_ENZV_NO_ENAL,:,:,:,:,:,:,:,:,:,:,51857,:,44092,47485,44826,:,:,:
PAS,PAS_CRD,NO_ENZV_NO_ENBR,553947,573501,667885,716119,728298,713129,642122,652098,609122,602908,584292,428478,497960,511241,522062,:,:,:
PAS,PAS_CRD,NO_ENZV_NO_ENCN,:,:,:,:,:,:,:,:,:,:,44810,52490,63908,65449,73228,:,:,:
PAS,PAS_CRD,NO_ENZV_NO_ENGM,1563137,1515293,1563336,1534586,1515906,1433059,1274699,1255867,1355210,1302691,1182034,948325,993397,984975,971925,:,:,:
PAS,PAS_CRD,NO_ENZV_NO_ENRY,:,:,:,:,:,:,42129,52786,:,:,:,:,:,:,:,:,:,:
PAS,PAS_CRD,NO_ENZV_NO_ENTO,83481,103806,111462,110854,103060,90462,85417,88717,87837,91143,89434,78244,86047,84544,92583,:,:,:
PAS,PAS_CRD,NO_ENZV_NO_ENVA,135323,138771,106528,77623,61926,98857,92329,65712,182128,182972,160820,123855,135868,128076,125790,:,:,:
PAS,PAS_CRD,NO_ENZV_PL_EPGD,68774,75742,59332,55039,41950,:,:,:,:,:,:,:,:,:,:,:,:,:
PAS,PAS_CRD,NO_ENZV_TR_LTAI,:,:,:,40941,:,:,:,:,:,:,:,:,:,:,:,:,:,:
PAS,PAS_CRD,NO_ENZV_UK_EGKK,73710,70680,68403,66838,67290,68470,66405,55032,43931,:,:,:,:,:,:,:,:,:
PAS,PAS_CRD,NO_ENZV_UK_EGLL,189631,197135,212093,216017,158950,128871,100803,93593,99529,95074,93468,73716,79927,81898,61572,:,:,:
PAS,PAS_CRD,NO_ENZV_UK_EGNT,:,:,:,:,:,:,:,:,:,:,:,:,:,:,33187,:,:,:
PAS,PAS_CRD,NO_ENZV_UK_EGPD,97373,116073,137769,164576,165480,149055,133875,127011,144774,134602,124526,89486,114038,112299,116385,:,:,:
